[{"name":"theme_info","theme_name":"Vektra PC","theme_author":"Vektra PC","theme_version":"2022","theme_documentation_url":"https:\/\/www.vektrapc.com\/","theme_support_url":"https:\/\/www.vektrapc.com\/"},{"name":"Dear Valued Customer","settings":[{"type":"header","content":"Thank you!","info":"We would just like to say thank you for being a part of our family."},{"type":"paragraph","content":"[Here the links to help files, online documentation, and videos and other tutorials, to help make this process easier and more enjoyable for you](https:\/\/help.arenacommerce.com\/electro)."},{"type":"paragraph","content":"If you are unable to find an answer to your questions, you can always submit a [support ticket and one of our global support gurus will personally assist you](https:\/\/arenathemes.freshdesk.com\/support\/tickets\/new)."}]},{"name":"Apps Integration","settings":[{"type":"header","content":"Wishlist & Compare"},{"type":"paragraph","content":"[Wishlist Compare app](http:\/\/wishlist.arenacommerce.com\/install)"},{"type":"paragraph","content":"[Install Growave app with 50% discount](http:\/\/apps.shopify.com\/growave)"},{"type":"select","id":"product_wishlist_option","label":"Wishlist options","options":[{"value":"wishlist-compare","label":"Wishlist Compare app"},{"value":"growave","label":"Growave"},{"value":"disable","label":"Disable"}],"default":"disable"},{"type":"checkbox","id":"enable_product_compare","label":"Enable Compare","default":false,"info":"After activation, you will need to install the [ Wishlist & Compare ](http:\/\/wishlist.arenacommerce.com\/install) app"},{"type":"header","content":"Google Map"},{"type":"text","id":"gg_map_api","label":"API Key","placeholder":"E.g: AIzaSyD3IQEms********","info":"[How to get API key?](https:\/\/arenathemes.freshdesk.com\/support\/solutions\/articles\/6000209417-creating-a-google-maps-api-key)"},{"type":"header","content":"Product Review"},{"type":"select","id":"product_review_option","label":"Product review options","options":[{"value":"shopify-review","label":"Product Reviews"},{"value":"loox","label":"Loox ‑ Photo Reviews"},{"value":"growave","label":"Growave"},{"value":"none","label":"None"}],"default":"shopify-review"},{"type":"paragraph","content":"[Install Product Reviews app](http:\/\/apps.shopify.com\/product-reviews)"},{"type":"paragraph","content":"[Install Loox ‑ Photo Reviews app](http:\/\/loox.io\/app\/Arena)"},{"type":"paragraph","content":"[Install Growave app](http:\/\/apps.shopify.com\/growave)"},{"type":"header","content":"Search Box"},{"type":"checkbox","id":"show_search","label":"Show Search Box","default":true},{"type":"select","id":"ajax_search","label":"Auto Suggestion Search by","default":"default-theme","options":[{"value":"default-theme","label":"Default"},{"value":"smart","label":"Smart Search app"},{"value":"none","label":"None"}]},{"type":"paragraph","content":"If you select Smart Search app, please [Register Here](http:\/\/www.searchanise.com\/get\/arenacommerce)"},{"type":"header","content":"Weglot setting"},{"type":"paragraph","content":"Make your website multilingual. Translation API that integrates seamlessly into your website and delivers it in any languages. [Register Here](https:\/\/weglot.com\/)"},{"type":"paragraph","content":"Go to [Translations](https:\/\/dashboard.weglot.com\/translations\/)"},{"type":"paragraph","content":"Go to [Visual Editor](https:\/\/dashboard.weglot.com\/visual-editor\/home)"},{"type":"text","id":"api_translate","label":"Weglot API Key","info":"[How to get api key](https:\/\/www.arenacommerce.com\/blogs\/news\/how-to-get-weglot-api-key)"},{"type":"checkbox","id":"auto_switch","label":"Auto Switch","default":true},{"type":"text","id":"weglot_language_fallback","label":"Origin language","placeholder":"E.g: en","default":"en","info":"Use Language codes, can reference the following [link](https:\/\/weglot.com\/documentation\/available-languages)"},{"type":"range","id":"gg_tran_width","label":"Box width","min":350,"max":700,"step":10,"default":350,"unit":"px"},{"type":"select","id":"weglot_flag_style","label":"Flags style","default":"circle","options":[{"value":"none","label":"No Flags"},{"value":"shiny","label":"Shiny"},{"value":"square","label":"Square"},{"value":"circle","label":"Circle"},{"value":"rectangle_mat","label":"Rectangle mat"}]}]},{"name":"Multi-Currency","settings":[{"type":"select","id":"currency_type","label":"Source","options":[{"value":"1","label":"Multiple Currencies By Shopify"},{"value":"2","label":"Multiple Currencies By Arenacommerce"},{"value":"3","label":"Disable"}],"default":"1","info":"Multiple Currencies By Shopify only available for stores using Shopify Payments. Please refer to [enabled selling in multiple currencies](https:\/\/help.shopify.com\/\/en\/manual\/payments\/shopify-payments\/multi-currency\/setup)"},{"type":"checkbox","id":"auto_currency","label":"Auto Currency Switcher On Customer Location","info":"Go to 'Currencies to support' field to add your currencies"},{"type":"select","id":"currency_code","label":"Select type to show","options":[{"value":"code","label":"Currency code"},{"value":"symbol","label":"Currency symbol"},{"value":"both","label":"Both"}],"default":"code"},{"type":"header","content":"Multiple Currencies By Arenacommerce","info":"Please refer to [Configure Currency](https:\/\/https:\/\/help.arenacommerce.com\/\/\/installation\/#configure-currency)"},{"type":"select","id":"currency_format","label":"Money Format","options":[{"value":"money_format","label":"Without Currency, ex: $10.00"},{"value":"money_with_currency_format","label":"With Currency, ex: $10 CAD"}]},{"type":"text","id":"default_currency","label":"Default Currency"},{"type":"text","id":"supported_currencies","label":"Currencies to support"},{"type":"paragraph","content":"Separate your currency codes with a space. Use the ISO 4217 3-letter currency code. [Click here](http:\/\/www.xe.com\/iso4217.php) for a complete list of currency codes. Example: CAD USD."}]},{"name":"General Settings","settings":[{"type":"header","content":"Performance"},{"type":"checkbox","id":"use_lazyload","label":"Enable Lazy loading images","default":true},{"type":"header","content":"Layout"},{"type":"select","id":"rtl_layout","label":"RTL Layout","options":[{"value":"weglot","label":"Weglot app"},{"value":"manually","label":"Default direction to RTL"},{"value":"disable","label":"Disable"}],"default":"disable"},{"type":"select","id":"general_placement","label":"Layout Mode","options":[{"value":"boxed","label":"Boxed"},{"value":"wide","label":"Wide"}]},{"type":"checkbox","id":"fix_boxed","label":"Fix Boxed 1280px"},{"type":"checkbox","id":"show_back_to_top","label":"Button Back To Top","default":true},{"type":"header","content":"Background Body Page","info":"Image only for Boxed layout"},{"type":"select","id":"boxed_mode_bg","options":[{"value":"image","label":"Image"},{"value":"color","label":"Color"}],"default":"color"},{"type":"image","id":"body_bg_image.jpg","label":"Background image"},{"type":"color","id":"body_bg_color","label":"Background color"},{"type":"header","content":"Breadcrumb"},{"type":"checkbox","id":"breadcrumb_mobile","label":"Show Breadcrumb on mobile","default":true},{"type":"select","id":"breadcrumb_styles","label":"Breadcrumb Styles","options":[{"value":"image","label":"Image"},{"value":"color","label":"Color"},{"value":"none","label":"None"}],"default":"image"},{"type":"image","id":"breadcrumb_bg.jpg","label":"Background image","info":"The width of image is 1920 pixel. Only for template are customers or page. For other templates, please upload in Sections"},{"type":"color","id":"breadcrumb_bg_color","label":"Background color","default":"#ffffff"},{"type":"range","id":"breadcrumb_height","label":"Height","min":100,"max":500,"step":5,"default":230,"unit":"px"},{"type":"header","content":"Shop"},{"type":"checkbox","id":"catalog_mode","label":"Enable Catalog Mode"},{"type":"checkbox","id":"disable_ajax_cart","label":"Disable Ajax Cart"},{"type":"select","id":"cart_styles","label":"Cart Type on Desktop","options":[{"value":"dropdown","label":"Drop Down"},{"value":"sidebar","label":"Cart Drawer"}],"default":"dropdown"},{"type":"checkbox","id":"enable_redirect_checkout","label":"Redirect to Checkout on Add to Cart","default":false},{"type":"checkbox","id":"enable_free_shipping","label":"Display messages to remind free shipping offer","default":true},{"type":"text","id":"free_shipping_price","label":"Free shipping total cart require","default":"500","info":"Only insert number. E.g 500"},{"type":"header","content":"Static sections"},{"type":"checkbox","id":"announcement_bar","label":"Announcement Bar","default":true},{"type":"checkbox","id":"newsletter_popup","label":"Newsletter Popup","default":true},{"type":"checkbox","id":"recently_viewed","label":"Recently Viewed","default":true},{"type":"checkbox","id":"bottom_products","label":"Bottom Products","default":true},{"type":"checkbox","id":"logo_list","label":"Logo List","default":true},{"type":"header","content":"Mobile Bar"},{"type":"select","id":"mobile_bar","label":"Position","default":"inside","options":[{"value":"inside","label":"Inside hamburger menu"},{"value":"outside","label":"Outside hamburger menu"}]},{"type":"header","content":"Homepage"},{"type":"select","id":"left_column_style","label":"Left column section","default":"none","options":[{"value":"full-slideshow","label":"Full Slideshow"},{"value":"normal-slideshow","label":"Normal Slideshow"},{"value":"none","label":"None"}]},{"type":"header","content":"Collection Page"},{"type":"select","id":"mode_view_default","label":"Mode view default","options":[{"value":"cata-grid-4","label":"Grid 4"},{"value":"cata-grid-3","label":"Grid 3"},{"value":"cata-grid-2","label":"List"},{"value":"cata-grid-1","label":"List small"}],"default":"cata-grid-4"},{"type":"header","content":"Product page"},{"type":"select","id":"product_template_default","label":"Template default","options":[{"value":"simple","label":"Simple"},{"value":"extended","label":"Extended"},{"value":"bundle","label":"Bundle"},{"value":"redirect","label":"Redirect"}],"default":"extended"},{"type":"checkbox","id":"show_add_to_cart_sticky","label":"Sticky Add to cart on Mobile","default":true},{"type":"header","content":"EU Cookie Policy"},{"type":"checkbox","id":"show_cookie_policy","label":"EU Cookie Policy","default":true,"info":"All cookie text could be found on Edit Languages > General > Cookie"},{"type":"checkbox","id":"cookie_auto_detect","label":"EU Cookie AutoDetect","default":true},{"type":"select","id":"eu_cookie_position","label":"Position","options":[{"value":"bottom","label":"Bottom"},{"value":"top","label":"Top"},{"value":"bottom-left","label":"Floating left"},{"value":"bottom-right","label":"Floating right"}],"default":"bottom"},{"type":"text","id":"eu_policy_link","label":"Link to own policy"},{"type":"color","id":"eu_background_color","label":"Background color"},{"type":"color","id":"eu_text_color","label":"Text color","default":"#ffffff"},{"type":"color","id":"eu_button_bg","label":"Button background color","default":"#f0002f"},{"type":"color","id":"eu_button_text_color","label":"Button text color","default":"#000000"}]},{"name":"Typography","settings":[{"type":"header","content":"Header Font Family"},{"type":"font_picker","id":"header_font_1","default":"open_sans_n4"},{"type":"header","content":"Body Font Family"},{"type":"font_picker","id":"general_font_1","default":"open_sans_n4"},{"type":"header","content":"Font Size"},{"type":"range","id":"heading_size_1","label":"Heading 1","default":36,"min":20,"max":40,"step":1,"unit":"px"},{"type":"range","id":"heading_size_2","label":"Heading 2","default":30,"min":20,"max":40,"step":1,"unit":"px"},{"type":"range","id":"heading_size_3","label":"Heading 3","default":22,"min":10,"max":30,"step":1,"unit":"px"},{"type":"range","id":"heading_size_4","label":"Heading 4","default":18,"min":10,"max":30,"step":1,"unit":"px"},{"type":"range","id":"heading_size_5","label":"Heading 5","default":16,"min":10,"max":30,"step":1,"unit":"px"},{"type":"range","id":"heading_size_6","label":"Heading 6","default":14,"min":10,"max":20,"step":1,"unit":"px"},{"type":"range","id":"body_font_size","label":"Body","default":14,"min":10,"max":20,"step":1,"unit":"px"},{"type":"range","id":"top_bar_size","label":"Top Bar","default":13,"min":10,"max":20,"step":1,"unit":"px"},{"type":"range","id":"product_title_size","label":"Product item title","default":14,"min":10,"max":20,"step":1,"unit":"px"},{"type":"range","id":"product_price_size","label":"Product item price","default":20,"min":10,"max":30,"step":1,"unit":"px"},{"type":"range","id":"product_detail_title_size","label":"Product title","default":25,"min":10,"max":30,"step":1,"unit":"px"},{"type":"range","id":"nav_size","label":"Navigation","default":14,"min":10,"max":20,"step":1,"unit":"px"},{"type":"range","id":"nav_sub_size","label":"Navigation dropdown","default":14,"min":10,"max":20,"step":1,"unit":"px"}]},{"name":"Icon","settings":[{"type":"header","content":"Favicon"},{"type":"image_picker","id":"favicon"},{"type":"header","content":"Loading icon"},{"type":"image","id":"loading.gif"},{"type":"header","content":"GENERAL ICON SETTINGS","info":"Phone number icon, Account icon, search icon, cart icon, etc..."},{"type":"header","content":"Phone number icon"},{"type":"select","id":"phone_icon_type","label":"Icon type","options":[{"value":"font-icon","label":"Font icon"},{"value":"image","label":"Image"}],"default":"font-icon"},{"type":"text","id":"phone_font_icon","label":"Font icon name","default":"icon-phone","info":"Default is icon-phone"},{"type":"image_picker","id":"phone_icon","label":"Image","info":"Image size is 20x20 pixels"},{"type":"header","content":"Email icon"},{"type":"select","id":"email_icon_type","label":"Icon type","options":[{"value":"font-icon","label":"Font icon"},{"value":"image","label":"Image"}],"default":"font-icon"},{"type":"text","id":"email_font_icon","label":"Font icon name","default":"icon-mail","info":"Default is icon-email"},{"type":"image_picker","id":"email_icon","label":"Image","info":"Image size is 20x20 pixels"},{"type":"header","content":"Track order icon"},{"type":"select","id":"order_icon_type","label":"Icon type","options":[{"value":"font-icon","label":"Font icon"},{"value":"image","label":"Image"}],"default":"font-icon"},{"type":"text","id":"order_font_icon","label":"Font icon name","default":"icon-truck-1","info":"Default is icon-order"},{"type":"image_picker","id":"order_icon","label":"Image","info":"Image size is 20x20 pixels"},{"type":"header","content":"Location icon"},{"type":"select","id":"location_icon_type","label":"Icon type","options":[{"value":"font-icon","label":"Font icon"},{"value":"image","label":"Image"}],"default":"font-icon"},{"type":"text","id":"location_font_icon","label":"Font icon name","default":"icon-location-1","info":"Default is icon-location"},{"type":"image_picker","id":"location_icon","label":"Image","info":"Image size is 20x20 pixels"},{"type":"header","content":"Account icon"},{"type":"select","id":"account_icon_type","label":"Icon type","options":[{"value":"font-icon","label":"Font icon"},{"value":"image","label":"Image"}],"default":"font-icon"},{"type":"text","id":"account_font_icon","label":"Font icon name","default":"icon-user","info":"Default is icon-user"},{"type":"image_picker","id":"account_icon","label":"Image","info":"Image size is 20x20 pixels"},{"type":"header","content":"Search icon"},{"type":"select","id":"search_icon_type","label":"Icon type","options":[{"value":"font-icon","label":"Font icon"},{"value":"image","label":"Image"}],"default":"font-icon"},{"type":"text","id":"search_font_icon","label":"Font icon name","default":"icon-search-3","info":"Default is icon-search-3"},{"type":"image_picker","id":"search_icon","label":"Image","info":"Image size is 20x20 pixels"},{"type":"header","content":"Cart icon"},{"type":"select","id":"cart_icon_type","label":"Icon type","options":[{"value":"font-icon","label":"Font icon"},{"value":"image","label":"Image"}],"default":"font-icon"},{"type":"text","id":"cart_font_icon","label":"Font icon name","default":"icon-shopping-basket","info":"Default is icon-shopping-basket"},{"type":"image_picker","id":"cart_icon","label":"Image","info":"Image size is 20x20 pixels"},{"type":"header","content":"Social Sharing Image"},{"type":"image_picker","id":"share_image","label":"Image","info":"Shown when sharing a link on social media. [Learn more](https:\/\/help.shopify.com\/manual\/using-themes\/troubleshooting\/showing-social-media-thumbnail-images\/) about image thumbnails."},{"type":"header","content":"Social Sharing Options"},{"type":"checkbox","id":"show_social_sharing_product","label":"Social Sharing on Product"},{"type":"checkbox","id":"share_facebook","label":"Share on Facebook"},{"type":"checkbox","id":"share_twitter","label":"Tweet on Twitter"},{"type":"header","content":"Social icon 01"},{"type":"select","id":"social_icon_type_1","label":"Icon type","options":[{"value":"font-icon","label":"Font icon"},{"value":"image","label":"Image"},{"value":"none","label":"None"}],"default":"font-icon"},{"type":"text","id":"social_font_icon_1","label":"Font icon name","default":"icon-facebook","info":"Default is icon-facebook"},{"type":"image_picker","id":"social_icon_1","label":"Image","info":"Image size is 20x20 pixels"},{"type":"text","id":"social_icon_title_1","label":"Title","default":"Facebook"},{"type":"url","id":"social_icon_link_1","label":"Link to"},{"type":"header","content":"Social icon 02"},{"type":"select","id":"social_icon_type_2","label":"Icon type","options":[{"value":"font-icon","label":"Font icon"},{"value":"image","label":"Image"},{"value":"none","label":"None"}],"default":"font-icon"},{"type":"text","id":"social_font_icon_2","label":"Font icon name","default":"icon-twitter","info":"Default is icon-twitter"},{"type":"image_picker","id":"social_icon_2","label":"Image","info":"Image size is 20x20 pixels"},{"type":"text","id":"social_icon_title_2","label":"Title","default":"Twitter"},{"type":"url","id":"social_icon_link_2","label":"Link to"},{"type":"header","content":"Social icon 03"},{"type":"select","id":"social_icon_type_3","label":"Icon type","options":[{"value":"font-icon","label":"Font icon"},{"value":"image","label":"Image"},{"value":"none","label":"None"}],"default":"font-icon"},{"type":"text","id":"social_font_icon_3","label":"Font icon name","default":"icon-instagram","info":"Default is icon-instagram"},{"type":"image_picker","id":"social_icon_3","label":"Image","info":"Image size is 20x20 pixels"},{"type":"text","id":"social_icon_title_3","label":"Title","default":"Instagram"},{"type":"url","id":"social_icon_link_3","label":"Link to"},{"type":"header","content":"Social icon 04"},{"type":"select","id":"social_icon_type_4","label":"Icon type","options":[{"value":"font-icon","label":"Font icon"},{"value":"image","label":"Image"},{"value":"none","label":"None"}],"default":"font-icon"},{"type":"text","id":"social_font_icon_4","label":"Font icon name","default":"icon-pinterest-circled","info":"Default is icon-pinterest-circled"},{"type":"image_picker","id":"social_icon_4","label":"Image","info":"Image size is 20x20 pixels"},{"type":"text","id":"social_icon_title_4","label":"Title","default":"Pinterest"},{"type":"url","id":"social_icon_link_4","label":"Link to"},{"type":"header","content":"Social icon 05"},{"type":"select","id":"social_icon_type_5","label":"Icon type","options":[{"value":"font-icon","label":"Font icon"},{"value":"image","label":"Image"},{"value":"none","label":"None"}],"default":"font-icon"},{"type":"text","id":"social_font_icon_5","label":"Font icon name","default":"icon-rss-1","info":"Default is icon-rss-1"},{"type":"image_picker","id":"social_icon_5","label":"Image","info":"Image size is 20x20 pixels"},{"type":"text","id":"social_icon_title_5","label":"Title","default":"RSS"},{"type":"text","id":"social_icon_link_5","label":"Link to"},{"type":"header","content":"Social icon 06"},{"type":"select","id":"social_icon_type_6","label":"Icon type","options":[{"value":"font-icon","label":"Font icon"},{"value":"image","label":"Image"},{"value":"none","label":"None"}],"default":"font-icon"},{"type":"text","id":"social_font_icon_6","label":"Font icon name","default":"icon-flickr","info":"Default is icon-flickr"},{"type":"image_picker","id":"social_icon_6","label":"Image","info":"Image size is 20x20 pixels"},{"type":"text","id":"social_icon_title_6","label":"Title","default":"Flickr"},{"type":"url","id":"social_icon_link_6","label":"Link to"},{"type":"header","content":"Social icon 07"},{"type":"select","id":"social_icon_type_7","label":"Icon type","options":[{"value":"font-icon","label":"Font icon"},{"value":"image","label":"Image"},{"value":"none","label":"None"}],"default":"font-icon"},{"type":"text","id":"social_font_icon_7","label":"Font icon name","default":"icon-dribbble-1","info":"Default is icon-dribbble-1"},{"type":"image_picker","id":"social_icon_7","label":"Image","info":"Image size is 20x20 pixels"},{"type":"text","id":"social_icon_title_7","label":"Title","default":"Dribbble"},{"type":"url","id":"social_icon_link_7","label":"Link to"},{"type":"header","content":"Social icon 08"},{"type":"select","id":"social_icon_type_8","label":"Icon type","options":[{"value":"font-icon","label":"Font icon"},{"value":"image","label":"Image"},{"value":"none","label":"None"}],"default":"font-icon"},{"type":"text","id":"social_font_icon_8","label":"Font icon name","default":"icon-linkedin","info":"Default is icon-linkedin"},{"type":"image_picker","id":"social_icon_8","label":"Image","info":"Image size is 20x20 pixels"},{"type":"text","id":"social_icon_title_8","label":"Title","default":"Linkedin"},{"type":"url","id":"social_icon_link_8","label":"Link to"}]},{"name":"Colors","settings":[{"type":"header","content":"Header color"},{"type":"color","id":"topbar_bg_color","label":"Topbar Background","default":"#ffffff"},{"type":"color","id":"header_bg_color","label":"Background","default":"#ffffff"},{"type":"color","id":"header_bg_mobile_color","label":"Background Mobile","default":"#FED700"},{"type":"color","id":"header_text_color","label":"Link color","default":"#334141"},{"type":"color","id":"header_text_color_hover","label":"Link color hover","default":"#334141"},{"type":"color","id":"bg_color_number_icon","label":"Background number on icon","default":"#fed700"},{"type":"color","id":"color_number_icon","label":"Icon","default":"#ffffff"},{"type":"header","content":"Body Color"},{"type":"color","id":"main_color","label":"Main Color"},{"type":"color","id":"body_bg","label":"Background"},{"type":"color","id":"main_text_color","label":"Text color","default":"#ffffff"},{"type":"color","id":"miscellaneous_color","label":"Miscellaneous Color"},{"type":"color","id":"body_general_color","label":"General Text"},{"type":"color","id":"body_light_color","label":"General Light Text","default":"#999999"},{"type":"color","id":"body_title_color","label":"Title"},{"type":"color","id":"body_link_color","label":"Link"},{"type":"color","id":"body_border_color","label":"Border"},{"type":"color","id":"ratting_color_empty","label":"Ratting Empty","default":"#3f394c"},{"type":"header","content":"Navigation color"},{"type":"color","id":"nav_link_color","label":"Link"},{"type":"color","id":"nav_hover_color","label":"Link Hover"},{"type":"color","id":"dropdown_bg_color","label":"Background In Dropdown"},{"type":"color","id":"dropdown_item_color","label":"Link Item In Dropdown"},{"type":"color","id":"dropdown_item_color_hover","label":"Link Item Hover In Dropdown"},{"type":"color","id":"nav_bg_nav_link_hover","label":"Background Navigation Hover","info":"Only for Header Style 03"},{"type":"header","content":"Navigation label color"},{"default":"#ffffff","id":"menu_sale_label_color","label":"Text sale label","type":"color"},{"default":"#4cd964","id":"menu_sale_label_bg","label":"Sale label background","type":"color"},{"default":"#ffffff","id":"menu_new_label_color","label":"Text new label","type":"color"},{"default":"#007aff","id":"menu_new_label_bg","label":"New label background","type":"color"},{"default":"#ffffff","id":"menu_hot_label_color","label":"Hot label","type":"color"},{"default":"#ff3b30","id":"menu_hot_label_bg","label":"Hot label background","type":"color"},{"type":"header","content":"Footer color"},{"type":"color","id":"footer_bg","label":"Footer Content Background","default":"#ffffff"},{"type":"color","id":"footer_text_color","label":"Footer Text","default":"#ffffff"},{"type":"color","id":"footer_color","label":"Footer Link","default":"#ffffff"},{"type":"color","id":"footer_color_hover","label":"Footer Link Hover","default":"#ffffff"},{"type":"color","id":"footer_bg_copyright","label":"Footer Copyright Background","default":"#eaeaea"},{"type":"color","id":"footer_color_copyright","label":"Footer Copyright Text","default":"#333e48"},{"type":"header","content":"Button style 01"},{"type":"color","id":"btn1_bg","label":"Background","default":"#ffffff"},{"type":"color","id":"btn1_txt","label":"Text","default":"#ffffff"},{"type":"color","id":"btn1_border","label":"Border","default":"#ffffff"},{"type":"color","id":"btn1_bg_hover","label":"Background On Hover","default":"#ffffff"},{"type":"color","id":"btn1_txt_hover","label":"Text On Hover","default":"#ffffff"},{"type":"color","id":"btn1_border_hover","label":"Border On Hover","default":"#ffffff"},{"type":"header","content":"Button style 02"},{"type":"color","id":"btn2_bg","label":"Background","default":"#ffffff"},{"type":"color","id":"btn2_txt","label":"Text","default":"#ffffff"},{"type":"color","id":"btn2_border","label":"Border","default":"#ffffff"},{"type":"color","id":"btn2_bg_hover","label":"Background On Hover","default":"#ffffff"},{"type":"color","id":"btn2_txt_hover","label":"Text On Hover","default":"#ffffff"},{"type":"color","id":"btn2_border_hover","label":"Border On Hover","default":"#ffffff"}]},{"name":"Fomo Popups","settings":[{"type":"paragraph","content":"Fomo Popups display real-time customer activity notifications on your store. You can use it as a Social Proof Markteting Tool to Boost Conversions"},{"type":"header","content":"Sales Notification Popups","info":"Template: Line 1:'Some one in' {Random City} {Random Text}. Line 2: {Random Products}. Line 3: {Random Number} {Random Text}"},{"default":"bottom left","id":"noti_product_position","label":"Popup Position","options":[{"label":"Bottom Left","value":"bottom left"},{"label":"Bottom Right","value":"bottom right"},{"label":"Top Right","value":"top right"},{"label":"Top Left","value":"top left"}],"type":"select"},{"type":"checkbox","id":"enable_notify_home_page","label":"Show On Home Page","default":true},{"type":"checkbox","id":"enable_notify_product_page","label":"Show On Product Page","default":true},{"type":"checkbox","id":"enable_notify_collection_page","label":"Show On Collection Page","default":true},{"type":"checkbox","id":"hide_notify_mobile","label":"Hide on Mobile Device","default":false},{"type":"select","id":"notify_location","label":"Line 1: Random City base on","options":[{"value":"1","label":"Customer Location Geo IP - Lists of cities by country"},{"value":"2","label":"Manual Cities List"},{"value":"3","label":"Combine both lists above"}],"default":"3"},{"type":"textarea","id":"sell_country","label":"Manual Cities List","default":"New York","info":"To use multiple values please add a separator ;. E.g: New York;London"},{"type":"text","id":"sell_text2","label":"Line 1: Random Text","default":"just bought","info":"To use multiple values please add a separator ;. E.g: just bought;view"},{"type":"collection","id":"noti_product_collection","label":"Line 2: Random Product in Collection:","info":"If no category is selected, it will select randomly from all products"},{"type":"textarea","id":"sell_time","label":"Line 3: Random Number","default":"2","info":"To use multiple values please add a separator ;. E.g: 2;3;4;10"},{"type":"text","id":"sell_time_text","label":"Line 3: Random Text","default":"hours ago","info":"To use multiple values please add a separator ;. E.g: hours ago;days ago"},{"type":"color","id":"notify_background_color","label":"Background color","default":"#f5f5f5"},{"type":"header","content":"Visitor Count","info":"Only show on Product page. Template: 'Random Number of visitor' {Text Field}"},{"type":"checkbox","id":"enable_visitor_count","label":"Show Visitor Count","default":true},{"type":"range","id":"visitor_count_hide","label":"Remove cookie every","min":10,"max":60,"step":5,"default":30,"unit":"s"},{"type":"text","id":"visitor_count_min","label":"Counter Min","default":"100"},{"type":"text","id":"visitor_count_max","label":"Counter Max","default":"1000"},{"type":"range","id":"visitor_count_percent","label":"Value range of counter after reload page (Percent * The previous value)","min":10,"max":90,"step":10,"default":20,"unit":"%"},{"type":"image_picker","id":"user_icon","label":"Image"},{"type":"text","id":"text_popup","label":"Text Field","default":"People are looking this product right now"},{"type":"header","content":"People in Cart","info":"People have the product in their carts right now"},{"type":"checkbox","id":"show_peple_in_cart","label":"Show People in Cart","default":true},{"type":"image","id":"in_cart.png","label":"Image"},{"type":"range","id":"in_cart_count_max","label":"Counter Max","min":5,"max":100,"step":1,"default":20},{"type":"text","id":"text_in_cart_1","label":"Text Field 01","default":"Other people want this."},{"type":"text","id":"text_in_cart_2","label":"Text Field 02","default":"people have this in their carts right now."},{"type":"header","content":"Discount Popup","info":"Only for product page"},{"type":"checkbox","id":"show_discount_popup","label":"Show discount popup","default":true},{"type":"image","id":"discount_popup.png","label":"Background image"},{"type":"text","id":"discount_popup_text_1","label":"Text 01","default":"Wait a second..."},{"type":"text","id":"discount_popup_text_2","label":"Text 02","default":"Don't you want discount off"}]},{"name":"Product Card","settings":[{"type":"checkbox","id":"use_quick_view","label":"Quick view product","default":true},{"type":"checkbox","id":"show_product_vendor","label":"Show product vendor","default":true},{"type":"checkbox","id":"show_product_review","label":"Show product review","default":true},{"type":"header","content":"Product title"},{"type":"select","id":"product_title_position","label":"Position","options":[{"value":"above","label":"Above image"},{"value":"below","label":"Below image"}],"default":"above"},{"type":"checkbox","id":"enable_title_balance","label":"Enable product's title balance","default":true},{"type":"header","content":"Product image"},{"type":"select","id":"product_item_hover_effect","label":"Hover effect","options":[{"value":"none","label":"None"},{"value":"overlay","label":"Overlay"},{"value":"switch","label":"Switch image"}],"default":"none"},{"type":"select","id":"collections_product_ratio","label":"Aspect ratio","options":[{"value":"false","label":"Disabled"},{"value":"auto","label":"Auto detect ratio"},{"value":"100","label":"Square (1:1)"},{"value":"150","label":"Portrait (2:3)"},{"value":"75","label":"Landscape (4:3)"}],"default":"auto","info":"For best results [all product photos should be the same ratio](https:\/\/help.shopify.com\/manual\/productivity-tools\/image-editor#image-aspect-ratio)."},{"type":"checkbox","id":"collection_product_auto_crop","label":"Auto crop image","default":true},{"type":"header","content":"Sale Label","info":"Please make sure you config product's compare price to make this label visible [(?)](http:\/\/help.shopify.com\/manual\/products\/promoting-marketing\/sales)"},{"type":"select","id":"saleoff_label","label":"Sale Label","options":[{"value":"text","label":"Text"},{"value":"number","label":"Number"},{"value":"none","label":"None"}],"default":"text"},{"type":"color","id":"saleoff_color","label":"Color","default":"#ffffff"},{"type":"color","id":"saleoff_bg_color","label":"Background","default":"#000000"},{"type":"header","content":"New Label","info":"Please add product's tag is 'Label New' to make this label visible"},{"type":"checkbox","id":"enable_new_label","label":"Enable New Label","default":true,"info":"You can change label's text by going to theme's Language > Product > Labels"},{"type":"color","id":"lb_new_color","label":"Color","default":"#ffffff"},{"type":"color","id":"lb_new_bg_color","label":"Background","default":"#000000"},{"type":"header","content":"Product Color"},{"type":"color","id":"product_title_color","label":"Product Title","default":"#000000"},{"type":"color","id":"product_price_color","label":"Product Price","default":"#000000"},{"type":"color","id":"product_sale_price_color","label":"Product Price Sale","default":"#000000"},{"type":"color","id":"product_sold_out_price_color","label":"Sold Out, Unavailable","default":"#000000"}]},{"name":"Swatch Styles","settings":[{"type":"textarea","id":"swatch_button","label":"Button","placeholder":"Input product option name seperate by comma. E.g: Color, Size, ..."},{"type":"textarea","id":"swatch_color","label":"Color","placeholder":"Input product option name seperate by comma. E.g: Color, Size, ..."},{"type":"textarea","id":"swatch_image","label":"Variant Image","placeholder":"Input product option name seperate by comma. E.g: Color, Size, ..."},{"type":"header","content":"Color code"},{"type":"checkbox","id":"use_color_hexcode","label":"Use Color Code","default":true},{"type":"textarea","id":"color_config","label":"Color Hex Code","default":"red: #FF0000,pink: #FFC0CB,black: #000000,grey: ##808080,brown:#A52A2A,blue:#0000FF,gold:#FFD700,white:#FFFFFF,yellow:#FFFF00","info":"E.g: Red: #FF0000, Black: #000000, ..."},{"type":"header","content":"Swatch Shape"},{"type":"radio","id":"button_swatch_shape","label":"Button","options":[{"value":"circle","label":"Circle"},{"value":"square","label":"Square"}],"default":"circle"},{"type":"radio","id":"color_swatch_shape","label":"Color","options":[{"value":"circle","label":"Circle"},{"value":"square","label":"Square"}],"default":"circle"},{"type":"radio","id":"image_swatch_shape","label":"Variant Image","options":[{"value":"circle","label":"Circle"},{"value":"square","label":"Square"}],"default":"circle"},{"type":"header","content":"Swatch Size"},{"type":"range","id":"color_swatch_width","label":"Color width","min":20,"max":100,"step":5,"default":50,"unit":"px"},{"type":"range","id":"color_swatch_height","label":"Color height","min":20,"max":100,"step":5,"default":50,"unit":"px"},{"type":"range","id":"image_swatch_width","label":"Variant Image width","min":20,"max":100,"step":5,"default":50,"unit":"px"},{"type":"range","id":"image_swatch_height","label":"Variant Image height","min":20,"max":100,"step":5,"default":50,"unit":"px"}]}]