{"current":{"product_wishlist_option":"disable","enable_product_compare":false,"gg_map_api":"","product_review_option":"shopify-review","show_search":true,"ajax_search":"default-theme","api_translate":"","auto_switch":false,"weglot_language_fallback":"en","gg_tran_width":350,"weglot_flag_style":"circle","currency_type":"2","auto_currency":true,"currency_code":"both","currency_format":"money_with_currency_format","default_currency":"AED","supported_currencies":"AED","use_lazyload":true,"rtl_layout":"disable","general_placement":"wide","fix_boxed":false,"show_back_to_top":true,"boxed_mode_bg":"color","body_bg_color":"#ffffff","breadcrumb_mobile":true,"breadcrumb_styles":"color","breadcrumb_bg_color":"#ffffff","breadcrumb_height":230,"catalog_mode":false,"disable_ajax_cart":true,"cart_styles":"sidebar","enable_redirect_checkout":false,"enable_free_shipping":true,"free_shipping_price":"500","announcement_bar":false,"newsletter_popup":true,"recently_viewed":false,"bottom_products":false,"logo_list":false,"mobile_bar":"outside","left_column_style":"none","mode_view_default":"cata-grid-4","product_template_default":"simple","show_add_to_cart_sticky":true,"show_cookie_policy":true,"cookie_auto_detect":true,"eu_cookie_position":"bottom-right","eu_policy_link":"https:\/\/www.google.com\/","eu_background_color":"#000000","eu_text_color":"#ffffff","eu_button_bg":"#3d3714","eu_button_text_color":"#000000","header_font_1":"open_sans_n7","general_font_1":"antique_olive_n7","heading_size_1":36,"heading_size_2":30,"heading_size_3":22,"heading_size_4":20,"heading_size_5":18,"heading_size_6":16,"body_font_size":14,"top_bar_size":13,"product_title_size":14,"product_price_size":20,"product_detail_title_size":25,"nav_size":14,"nav_sub_size":14,"favicon":"shopify:\/\/shop_images\/V_Logo.png","phone_icon_type":"font-icon","phone_font_icon":"icon-phone","phone_icon":"","email_icon_type":"font-icon","email_font_icon":"icon-mail-1","email_icon":"","order_icon_type":"font-icon","order_font_icon":"icon-electro-track-order-icon","order_icon":"","location_icon_type":"font-icon","location_font_icon":"icon-electro-marker-icon","location_icon":"","account_icon_type":"font-icon","account_font_icon":"icon-electro-user-icon","account_icon":"","search_icon_type":"font-icon","search_font_icon":"icon-electro-search-icon","search_icon":"","cart_icon_type":"font-icon","cart_font_icon":"icon-electro-cart-icon","cart_icon":"","share_image":"","show_social_sharing_product":true,"share_facebook":true,"share_twitter":true,"social_icon_type_1":"font-icon","social_font_icon_1":"icon-facebook","social_icon_1":"","social_icon_title_1":"Facebook","social_icon_link_1":"https:\/\/www.facebook.com\/VektraPC","social_icon_type_2":"font-icon","social_font_icon_2":"icon-twitter-bird","social_icon_2":"","social_icon_title_2":"Twitter","social_icon_link_2":"https:\/\/twitter.com\/VektraPC","social_icon_type_3":"font-icon","social_font_icon_3":"icon-instagram-1","social_icon_3":"","social_icon_title_3":"Instagram","social_icon_link_3":"https:\/\/www.instagram.com\/vektrapc\/","social_icon_type_4":"none","social_font_icon_4":"icon-pinterest-circled","social_icon_4":"","social_icon_title_4":"Pinterest","social_icon_link_4":"https:\/\/www.pinterest.com\/shopify\/","social_icon_type_5":"font-icon","social_font_icon_5":"icon-youtube-play","social_icon_5":"","social_icon_title_5":"Youtube","social_icon_link_5":"https:\/\/www.youtube.com\/channel\/UC0dIivc8OyvtUEKCWIiqCLA","social_icon_type_6":"none","social_font_icon_6":"","social_icon_6":"","social_icon_title_6":"","social_icon_link_6":"","social_icon_type_7":"none","social_font_icon_7":"","social_icon_7":"","social_icon_title_7":"","social_icon_link_7":"","social_icon_type_8":"none","social_font_icon_8":"","social_icon_8":"","social_icon_title_8":"","social_icon_link_8":"","topbar_bg_color":"#ffffff","header_bg_color":"#ffffff","header_bg_mobile_color":"#ffffff","header_text_color":"#333e48","header_text_color_hover":"#334141","bg_color_number_icon":"#000000","color_number_icon":"#ffffff","main_color":"#000000","body_bg":"#ffffff","main_text_color":"#ffffff","miscellaneous_color":"#f5f5f5","body_general_color":"#333e48","body_light_color":"#878787","body_title_color":"#333e48","body_link_color":"#333e48","body_border_color":"#dddddd","ratting_color_empty":"#cbcbcb","nav_link_color":"#333e48","nav_hover_color":"#ffce44","dropdown_bg_color":"#ffffff","dropdown_item_color":"#333e48","dropdown_item_color_hover":"#ffce44","nav_bg_nav_link_hover":"#e7c300","menu_sale_label_color":"#ffffff","menu_sale_label_bg":"#4cd964","menu_new_label_color":"#ffffff","menu_new_label_bg":"#007aff","menu_hot_label_color":"#ffffff","menu_hot_label_bg":"#ff3b30","footer_bg":"#f5f5f5","footer_text_color":"#333e48","footer_color":"#333e48","footer_color_hover":"#df3737","footer_bg_copyright":"#eaeaea","footer_color_copyright":"#333e48","btn1_bg":"#747474","btn1_txt":"#ffffff","btn1_border":"#ffffff","btn1_bg_hover":"#ffce44","btn1_txt_hover":"#ffffff","btn1_border_hover":"#333e48","btn2_bg":"#e6e6e6","btn2_txt":"#333e48","btn2_border":"#e6e6e6","btn2_bg_hover":"#fed700","btn2_txt_hover":"#333e48","btn2_border_hover":"#fed700","noti_product_position":"bottom left","enable_notify_home_page":false,"enable_notify_product_page":false,"enable_notify_collection_page":false,"hide_notify_mobile":false,"notify_location":"3","sell_country":"New York;Paris;London","sell_text2":"just bought; view","noti_product_collection":"","sell_time":"1;2;3;4;10;12;13;22","sell_time_text":"hours ago","notify_background_color":"#ffffff","enable_visitor_count":false,"visitor_count_hide":30,"visitor_count_min":"100","visitor_count_max":"1000","visitor_count_percent":20,"user_icon":"","text_popup":"People are looking this product right now","show_peple_in_cart":true,"in_cart_count_max":20,"text_in_cart_1":"Other people want this.","text_in_cart_2":"people have this in their carts right now.","show_discount_popup":true,"discount_popup_text_1":"Wait a second...","discount_popup_text_2":"Don't you want discount off","use_quick_view":false,"show_product_vendor":true,"show_product_review":true,"product_title_position":"above","enable_title_balance":false,"product_item_hover_effect":"none","collections_product_ratio":"100","collection_product_auto_crop":true,"saleoff_label":"text","saleoff_color":"#343f49","saleoff_bg_color":"#fed700","enable_new_label":false,"lb_new_color":"#ffffff","lb_new_bg_color":"#007aff","product_title_color":"#0062bd","product_price_color":"#343f49","product_sale_price_color":"#ee0000","product_sold_out_price_color":"#848484","swatch_button":"size,material","swatch_color":"color","swatch_image":"","use_color_hexcode":true,"color_config":"red: #FF0000,pink: #FFC0CB,black: #000000,grey: ##808080,brown:#A52A2A,blue:#0000FF,gold:#FFD700,white:#FFFFFF,yellow:#FFFF00","button_swatch_shape":"circle","color_swatch_shape":"square","image_swatch_shape":"circle","color_swatch_width":35,"color_swatch_height":35,"image_swatch_width":35,"image_swatch_height":35,"checkout_header_image":"","checkout_logo_image":"shopify:\/\/shop_images\/VEKTRA_LOGO_RGB.png","checkout_logo_position":"center","checkout_logo_size":"large","checkout_body_background_image":"","checkout_body_background_color":"#494444","checkout_input_background_color_mode":"white","checkout_sidebar_background_image":"","checkout_sidebar_background_color":"#ffffff","checkout_heading_font":"Open Sans","checkout_body_font":"Open Sans","checkout_accent_color":"#ff3b30","checkout_button_color":"#222222","checkout_error_color":"#ff0000","enabled_admin_helper":true,"show_cart":true,"sections":{"page-about-template":{"type":"page-about-template","blocks":{"1530775899194":{"type":"banner","settings":{"image":"","title":"About us","caption":"Passion may be a friendly or eager interest in or admiration for a proposal, \ncause, discovery, or activity or love to a feeling of unusual excitement."}},"1530776025305":{"type":"banner_text","settings":{"image":"","title":"What we really do?","caption":"Donec libero dolor, tincidunt id laoreet vitae,ullamcorper eu tortor. Maecenas pellentesque, dui vitae iaculis mattis, tortor nisi faucibus magna, vitae ultrices lacus purus vitae metus."}},"1530776044518":{"type":"banner_text","settings":{"image":"","title":"What we really do?","caption":"Donec libero dolor, tincidunt id laoreet vitae,ullamcorper eu tortor. Maecenas pellentesque, dui vitae iaculis mattis, tortor nisi faucibus magna, vitae ultrices lacus purus vitae metus."}},"1530776065397":{"type":"banner_text","settings":{"image":"","title":"What we really do?","caption":"Donec libero dolor, tincidunt id laoreet vitae,ullamcorper eu tortor. Maecenas pellentesque, dui vitae iaculis mattis, tortor nisi faucibus magna, vitae ultrices lacus purus vitae metus."}},"1530776716978":{"type":"team","settings":{"style":"image","image":"","name":"Thomas Snow","major":"Ceo Founder","bg_color":"#fed700","text_1":"We are","text_2":"Hiring!","text_link":"See Details","link":""}},"1530776752078":{"type":"team","settings":{"style":"image","image":"","name":"Anna Baranov","major":"Client Care","bg_color":"#fed700","text_1":"We are","text_2":"Hiring!","text_link":"See Details","link":""}},"1530776787460":{"type":"team","settings":{"style":"image","image":"","name":"Andrei Kowalsy","major":"Support Boss","bg_color":"#fed700","text_1":"We are","text_2":"Hiring!","text_link":"See Details","link":""}},"1530776807462":{"type":"team","settings":{"style":"image","image":"","name":"Pamela Doe","major":"Delivery Driver","bg_color":"#fed700","text_1":"We are","text_2":"Hiring!","text_link":"See Details","link":""}},"1530776827917":{"type":"team","settings":{"style":"image","image":"","name":"Susan McCain","major":"Packaking Girl","bg_color":"#fed700","text_1":"We are","text_2":"Hiring!","text_link":"See Details","link":""}},"1530778567834":{"type":"team","settings":{"style":"color","image":"","name":"","major":"","bg_color":"#fed700","text_1":"We are","text_2":"Hiring!","text_link":"See Details","link":"shopify:\/\/pages\/contact-us"}},"1530780009631":{"type":"text-box","settings":{"tb_left_1":true,"tb_left_title_1":"What we really do?","tb_left_caption_1":"Donec libero dolor, tincidunt id laoreet vitae, ullamcorper eu tortor. Maecenas pellentesque, dui vitae iaculis mattis, tortor nisi faucibus magna, vitae ultrices lacus purus vitae metus.","tb_left_2":true,"tb_left_title_2":"Our vision","tb_left_caption_2":"Donec libero dolor, tincidunt id laoreet vitae, ullamcorper eu tortor. Maecenas pellentesque, dui vitae iaculis mattis, tortor nisi faucibus magna, vitae ultrices lacus purus vitae metus.","tb_left_3":true,"tb_left_title_3":"History of the Company","tb_left_caption_3":"Donec libero dolor, tincidunt id laoreet vitae, ullamcorper eu tortor. Maecenas pellentesque, dui vitae iaculis mattis, tortor nisi faucibus magna, vitae ultrices lacus purus vitae metus.","tb_left_4":true,"tb_left_title_4":"Cooperate with Us!","tb_left_caption_4":"Donec libero dolor, tincidunt id laoreet vitae, ullamcorper eu tortor. Maecenas pellentesque, dui vitae iaculis mattis, tortor nisi faucibus magna, vitae ultrices lacus purus vitae metus.","tb_right_1":"Support 24\/7","tb_right_2":"Best Quanlity","tb_right_3":"Fastest Delivery","tb_right_4":"Customer Care","tb_right_5":"Over 200 Satisfied Customers"}}},"block_order":["1530775899194","1530776025305","1530776044518","1530776065397","1530776716978","1530776752078","1530776787460","1530776807462","1530776827917","1530778567834","1530780009631"],"settings":{"banner":true,"banner_text":true,"our_team":true,"team_bg_color":"#f5f5f5","text_box":true}},"page-contact-template":{"type":"page-contact-template","settings":{"enable_contact_form":true,"contact_form_title":"Leave A Message","contact_form_description":"<h3>Vektra Computers LLC <\/h3><br>\n<b>Email:<\/b> hello@vektrapc.com<br>\n<b>Contact Number: <\/b>+971 58 6911 849<br>\n<b>Address:<\/b> HS-110, 20th Floor, Aspin Commercial Tower, Dubai, United Arab Emirates","enable_contact_map":false,"contact_latlong":"51.514863, -0.133689","contact_zoom_lv":"12","contact_scroll":false}},"header":{"type":"header","blocks":{"1582882627655":{"type":"mega-menu-trigger","disabled":true,"settings":{"title":"Catalog","mega_navigation":"Catalog","position":"left","manually_width":100,"mega_menu_bg":"bg_image","mega_menu_bg_img_size":"292x270","mega_menu_bg_position":"right","mega_menu_bg_color":"#f7f7f7","mega_menu_min_height":190}},"1582883247608":{"type":"mega-menu","settings":{"title":"+ Catalog > Row"}},"1582882658919":{"type":"mega-menu-column","settings":{"title":"++ Catalog > Column 1","mega_menu_col":"menu","mega_menu_width_col":3,"mega_menu_title_col":"Single Product Pages","mega_menu_image_title_col":false,"mega_menu_link_col":"shopify:\/\/collections\/laptops-computer","mega_menu_ll_col":"","mega_menu_product_col":"","mega_menu_collection_col":"","mega_menu_collection_limit_col":4,"mega_menu_image_size_col":"460x240","mega_menu_image_link_col":""}},"1583050277458":{"type":"mega-menu-column","settings":{"title":"++ Catalog > Column 2","mega_menu_col":"menu","mega_menu_width_col":3,"mega_menu_title_col":"Shop Pages","mega_menu_image_title_col":false,"mega_menu_link_col":"shopify:\/\/collections","mega_menu_ll_col":"","mega_menu_product_col":"","mega_menu_collection_col":"","mega_menu_collection_limit_col":4,"mega_menu_image_size_col":"460x240","mega_menu_image_link_col":""}},"1583050294551":{"type":"mega-menu-column","settings":{"title":"++ Catalog > Column 3","mega_menu_col":"menu","mega_menu_width_col":3,"mega_menu_title_col":"Ecommerce Page","mega_menu_image_title_col":false,"mega_menu_link_col":"shopify:\/\/pages\/contact-us","mega_menu_ll_col":"","mega_menu_product_col":"","mega_menu_collection_col":"","mega_menu_collection_limit_col":4,"mega_menu_image_size_col":"460x240","mega_menu_image_link_col":""}},"1583229466302":{"type":"mega-menu-column","settings":{"title":"++ Catalog > Column 4","mega_menu_col":"menu","mega_menu_width_col":3,"mega_menu_title_col":"Blog","mega_menu_image_title_col":false,"mega_menu_link_col":"shopify:\/\/blogs\/news","mega_menu_ll_col":"","mega_menu_product_col":"","mega_menu_collection_col":"","mega_menu_collection_limit_col":10,"mega_menu_image_size_col":"460x240","mega_menu_image_link_col":""}},"1583050686231":{"type":"mega-menu-tab","settings":{"title":"Features","mega_navigation":"Features","mega_menu_bg_color":"#ffffff","mega_menu_min_height":300}},"1583050720183":{"type":"tab-menu","settings":{"title":"+ Features > Electronics","tab_title":"Electronics"}},"1583051002088":{"type":"tab-menu-row","settings":{"title":"++ Features > Electronics > Row"}},"1583051019436":{"type":"tab-menu-column","settings":{"title":"+++ Features > Electronics > Row > Column 1","mega_menu_tab_col":"menu","mega_menu_tab_width_col":4,"mega_menu_tab_title_col":"TV & Audio","mega_menu_tab_image_title_col":false,"mega_menu_tab_link_col":"shopify:\/\/collections\/tv-audio","mega_menu_tab_ll_col":"","mega_menu_tab_image_size_col":"460x240","mega_menu_tab_image_link_col":""}},"1583051240047":{"type":"tab-menu-column","settings":{"title":"+++ Features > Electronics > Row > Column 3","mega_menu_tab_col":"menu","mega_menu_tab_width_col":4,"mega_menu_tab_title_col":"Photography","mega_menu_tab_image_title_col":false,"mega_menu_tab_link_col":"shopify:\/\/collections\/photography","mega_menu_tab_ll_col":"","mega_menu_tab_image_size_col":"460x240","mega_menu_tab_image_link_col":""}},"1583051094959":{"type":"tab-menu-column","settings":{"title":"+++ Features > Electronics > Row > Column 2","mega_menu_tab_col":"menu","mega_menu_tab_width_col":4,"mega_menu_tab_title_col":"Computer & Tablets","mega_menu_tab_image_title_col":false,"mega_menu_tab_link_col":"shopify:\/\/collections\/laptops-computer","mega_menu_tab_ll_col":"","mega_menu_tab_image_size_col":"460x240","mega_menu_tab_image_link_col":""}},"1583051415608":{"type":"tab-menu","settings":{"title":"+ Features > Domestic Appliances","tab_title":"Domestic Appliances"}},"1583051458803":{"type":"tab-menu-row","settings":{"title":"++ Features > Domestic Appliances > Row"}},"1583051479426":{"type":"tab-menu-column","settings":{"title":"+++ Features > Domestic Appliances > Row > Coulumn 1","mega_menu_tab_col":"menu","mega_menu_tab_width_col":4,"mega_menu_tab_title_col":"Lorem Et Dorus","mega_menu_tab_image_title_col":false,"mega_menu_tab_link_col":"shopify:\/\/collections\/all-in-one","mega_menu_tab_ll_col":"","mega_menu_tab_image_size_col":"460x240","mega_menu_tab_image_link_col":""}},"1583051527785":{"type":"tab-menu-column","settings":{"title":"+++ Features > Domestic Appliances > Row > Coulumn 2","mega_menu_tab_col":"menu","mega_menu_tab_width_col":4,"mega_menu_tab_title_col":"Nor Loremirus","mega_menu_tab_image_title_col":false,"mega_menu_tab_link_col":"shopify:\/\/collections\/cameras","mega_menu_tab_ll_col":"","mega_menu_tab_image_size_col":"460x240","mega_menu_tab_image_link_col":""}},"1583051611249":{"type":"tab-menu-column","settings":{"title":"+++ Features > Domestic Appliances > Row > Coulumn 3","mega_menu_tab_col":"image","mega_menu_tab_width_col":4,"mega_menu_tab_title_col":"Comos De Milano","mega_menu_tab_image_title_col":false,"mega_menu_tab_link_col":"shopify:\/\/collections\/accessories","mega_menu_tab_ll_col":"","mega_menu_tab_image_size_col":"460x240","mega_menu_tab_image_link_col":"shopify:\/\/collections\/accessories"}},"1583051890056":{"type":"tab-menu","settings":{"title":"+ Features > Health & Beauty","tab_title":"Health & Beauty"}},"1583051912186":{"type":"tab-menu-row","settings":{"title":"++ Features > Health & Beauty > Row"}},"1583051918781":{"type":"tab-menu-column","settings":{"title":"+++ Features > Health & Beauty > Row > Column 1","mega_menu_tab_col":"image","mega_menu_tab_width_col":4,"mega_menu_tab_title_col":"Lynn Cosmopolis","mega_menu_tab_image_title_col":false,"mega_menu_tab_link_col":"shopify:\/\/products\/black-fashion-zapda-shoes","mega_menu_tab_ll_col":"","mega_menu_tab_image_size_col":"460x240","mega_menu_tab_image_link_col":"shopify:\/\/products\/black-fashion-zapda-shoes"}},"1583051944780":{"type":"tab-menu-column","settings":{"title":"+++ Features > Health & Beauty > Row > Column 2","mega_menu_tab_col":"image","mega_menu_tab_width_col":4,"mega_menu_tab_title_col":"Nor Loremirus","mega_menu_tab_image_title_col":false,"mega_menu_tab_link_col":"shopify:\/\/products\/coneco-product-sample","mega_menu_tab_ll_col":"","mega_menu_tab_image_size_col":"460x240","mega_menu_tab_image_link_col":"shopify:\/\/products\/coneco-product-sample"}},"1583051951405":{"type":"tab-menu-column","settings":{"title":"+++ Features > Health & Beauty > Row > Column 3","mega_menu_tab_col":"image","mega_menu_tab_width_col":4,"mega_menu_tab_title_col":"Comos De Milano","mega_menu_tab_image_title_col":false,"mega_menu_tab_link_col":"shopify:\/\/products\/daltex-product-example","mega_menu_tab_ll_col":"","mega_menu_tab_image_size_col":"460x240","mega_menu_tab_image_link_col":"shopify:\/\/products\/daltex-product-example"}},"1583052635808":{"type":"tab-menu","settings":{"title":"+ Features > Baby, Toys, & Kids","tab_title":"Baby, Toys, & Kids"}},"1583052650594":{"type":"tab-menu-row","settings":{"title":"++ Features > Baby, Toys, & Kids > Row"}},"1583052666183":{"type":"tab-menu-column","settings":{"title":"+++ Features > Baby, Toys, & Kids > Row > Column 1","mega_menu_tab_col":"menu","mega_menu_tab_width_col":4,"mega_menu_tab_title_col":"Toys & Games","mega_menu_tab_image_title_col":false,"mega_menu_tab_link_col":"shopify:\/\/collections\/gadgets","mega_menu_tab_ll_col":"","mega_menu_tab_image_size_col":"460x240","mega_menu_tab_image_link_col":""}},"1583052692272":{"type":"tab-menu-column","settings":{"title":"+++ Features > Baby, Toys, & Kids > Row > Column 2","mega_menu_tab_col":"menu","mega_menu_tab_width_col":4,"mega_menu_tab_title_col":"Travel & Safety Gear","mega_menu_tab_image_title_col":false,"mega_menu_tab_link_col":"shopify:\/\/collections\/gaming","mega_menu_tab_ll_col":"","mega_menu_tab_image_size_col":"460x240","mega_menu_tab_image_link_col":""}},"1583052702275":{"type":"tab-menu-column","settings":{"title":"+++ Features > Baby, Toys, & Kids > Row > Column 3","mega_menu_tab_col":"multi-menu","mega_menu_tab_width_col":4,"mega_menu_tab_title_col":"Baby Products","mega_menu_tab_image_title_col":false,"mega_menu_tab_link_col":"shopify:\/\/collections\/keyboard","mega_menu_tab_ll_col":"","mega_menu_tab_image_size_col":"460x240","mega_menu_tab_image_link_col":""}},"1583052911161":{"type":"tab-menu","settings":{"title":"+ Features > Lifestyle & Sports","tab_title":"Lifestyle & Sports"}},"1583052924409":{"type":"tab-menu-row","settings":{"title":"++ Features > Lifestyle & Sports > Row"}},"1583052942940":{"type":"tab-menu-column","settings":{"title":"+++ Features > Lifestyle & Sports > Row > Column 1","mega_menu_tab_col":"image","mega_menu_tab_width_col":4,"mega_menu_tab_title_col":"Lynn Cosmopolis","mega_menu_tab_image_title_col":false,"mega_menu_tab_link_col":"shopify:\/\/collections\/gaming","mega_menu_tab_ll_col":"","mega_menu_tab_image_size_col":"460x240","mega_menu_tab_image_link_col":"shopify:\/\/collections\/gaming"}},"1583052959285":{"type":"tab-menu-column","settings":{"title":"+++ Features > Lifestyle & Sports > Row > Column 2","mega_menu_tab_col":"menu","mega_menu_tab_width_col":4,"mega_menu_tab_title_col":"Hobbies","mega_menu_tab_image_title_col":false,"mega_menu_tab_link_col":"shopify:\/\/collections\/keyboard","mega_menu_tab_ll_col":"","mega_menu_tab_image_size_col":"460x240","mega_menu_tab_image_link_col":""}},"1583052968287":{"type":"tab-menu-column","settings":{"title":"+++ Features > Lifestyle & Sports > Row > Column 3","mega_menu_tab_col":"multi-menu","mega_menu_tab_width_col":4,"mega_menu_tab_title_col":"Sports & Wear","mega_menu_tab_image_title_col":false,"mega_menu_tab_link_col":"shopify:\/\/collections\/music","mega_menu_tab_ll_col":"","mega_menu_tab_image_size_col":"460x240","mega_menu_tab_image_link_col":""}},"1583053164074":{"type":"tab-menu","settings":{"title":"+ Features > Home & Garden","tab_title":"Home & Garden"}},"1583053176597":{"type":"tab-menu-row","settings":{"title":"++ Features > Home & Garden > Row"}},"1583053186597":{"type":"tab-menu-column","settings":{"title":"+++ Features > Home & Garden > Row > Column 1","mega_menu_tab_col":"menu","mega_menu_tab_width_col":4,"mega_menu_tab_title_col":"Decor & Furnituretody","mega_menu_tab_image_title_col":false,"mega_menu_tab_link_col":"shopify:\/\/collections\/software","mega_menu_tab_ll_col":"","mega_menu_tab_image_size_col":"460x240","mega_menu_tab_image_link_col":""}},"1583053200928":{"type":"tab-menu-column","settings":{"title":"+++ Features > Home & Garden > Row > Column 2","mega_menu_tab_col":"menu","mega_menu_tab_width_col":4,"mega_menu_tab_title_col":"Garden & Outdoor","mega_menu_tab_image_title_col":false,"mega_menu_tab_link_col":"shopify:\/\/collections\/laptops-computer","mega_menu_tab_ll_col":"","mega_menu_tab_image_size_col":"460x240","mega_menu_tab_image_link_col":""}},"1583053212390":{"type":"tab-menu-column","settings":{"title":"+++ Features > Home & Garden > Row > Column 3","mega_menu_tab_col":"menu","mega_menu_tab_width_col":4,"mega_menu_tab_title_col":"Home Bricolage","mega_menu_tab_image_title_col":false,"mega_menu_tab_link_col":"","mega_menu_tab_ll_col":"","mega_menu_tab_image_size_col":"460x240","mega_menu_tab_image_link_col":""}},"1583053352890":{"type":"tab-menu","settings":{"title":"+ Features > Office & Furniture","tab_title":"Office & Furniture"}},"1583053365927":{"type":"tab-menu-row","settings":{"title":"++ Features > Office & Furniture > Row"}},"1583053376273":{"type":"tab-menu-column","settings":{"title":"+++ Features > Office & Furniture > Row > Column 1","mega_menu_tab_col":"menu","mega_menu_tab_width_col":4,"mega_menu_tab_title_col":"Office Supplies","mega_menu_tab_image_title_col":false,"mega_menu_tab_link_col":"shopify:\/\/collections\/ultrabooks","mega_menu_tab_ll_col":"","mega_menu_tab_image_size_col":"460x240","mega_menu_tab_image_link_col":""}},"1583053389603":{"type":"tab-menu-column","settings":{"title":"+++ Features > Office & Furniture > Row > Column 2","mega_menu_tab_col":"multi-menu","mega_menu_tab_width_col":4,"mega_menu_tab_title_col":"Office Equipment","mega_menu_tab_image_title_col":false,"mega_menu_tab_link_col":"shopify:\/\/collections\/pc-computers","mega_menu_tab_ll_col":"","mega_menu_tab_image_size_col":"460x240","mega_menu_tab_image_link_col":""}},"1583053400799":{"type":"tab-menu-column","settings":{"title":"+++ Features > Office & Furniture > Row > Column 3","mega_menu_tab_col":"menu","mega_menu_tab_width_col":4,"mega_menu_tab_title_col":"Office Appliances","mega_menu_tab_image_title_col":false,"mega_menu_tab_link_col":"shopify:\/\/collections\/tv-audio","mega_menu_tab_ll_col":"","mega_menu_tab_image_size_col":"460x240","mega_menu_tab_image_link_col":""}},"1583053679418":{"type":"mega-menu-trigger","settings":{"title":"Gift Cards","mega_navigation":"Gift Cards","position":"right","manually_width":100,"mega_menu_bg":"bg_color","mega_menu_bg_img_size":"292x270","mega_menu_bg_position":"right","mega_menu_bg_color":"#ffffff","mega_menu_min_height":300}},"1583053721989":{"type":"mega-menu","settings":{"title":"+ Gift Cards > Row"}},"1583053732891":{"type":"mega-menu-column","settings":{"title":"++ Gift Cards > Row > Column 1","mega_menu_col":"product","mega_menu_width_col":3,"mega_menu_title_col":"","mega_menu_image_title_col":false,"mega_menu_link_col":"","mega_menu_ll_col":"","mega_menu_product_col":"","mega_menu_collection_col":"","mega_menu_collection_limit_col":4,"mega_menu_image_size_col":"460x240","mega_menu_image_link_col":""}},"1583053752299":{"type":"mega-menu-column","settings":{"title":"++ Gift Cards > Row > Column 2","mega_menu_col":"product","mega_menu_width_col":3,"mega_menu_title_col":"","mega_menu_image_title_col":false,"mega_menu_link_col":"","mega_menu_ll_col":"","mega_menu_product_col":"","mega_menu_collection_col":"","mega_menu_collection_limit_col":4,"mega_menu_image_size_col":"460x240","mega_menu_image_link_col":""}},"1583053760505":{"type":"mega-menu-column","settings":{"title":"++ Gift Cards > Row > Column 3","mega_menu_col":"product","mega_menu_width_col":3,"mega_menu_title_col":"","mega_menu_image_title_col":false,"mega_menu_link_col":"","mega_menu_ll_col":"","mega_menu_product_col":"","mega_menu_collection_col":"","mega_menu_collection_limit_col":4,"mega_menu_image_size_col":"460x240","mega_menu_image_link_col":""}},"1583053768716":{"type":"mega-menu-column","settings":{"title":"++ Gift Cards > Row > Column 4","mega_menu_col":"product","mega_menu_width_col":3,"mega_menu_title_col":"","mega_menu_image_title_col":false,"mega_menu_link_col":"","mega_menu_ll_col":"","mega_menu_product_col":"","mega_menu_collection_col":"","mega_menu_collection_limit_col":4,"mega_menu_image_size_col":"460x240","mega_menu_image_link_col":""}},"1583059539112":{"type":"mega-vertical-trigger","settings":{"title":"Gadgets","mega_navigation":"Gadgets","manually_width":75,"mega_menu_bg":"bg_image","mega_menu_bg_img_size":"","mega_menu_bg_position":"right","mega_menu_bg_color":"#ffffff","mega_menu_min_height":300}},"1583059598796":{"type":"mega-vertical-menu","settings":{"title":"+ Gadgets > Row"}},"1583059610200":{"type":"mega-vertical-column","settings":{"title":"++ Gadgets > Row > Column 1","mega_menu_col":"menu","mega_menu_width_col":4,"mega_menu_title_col":"Watches","mega_menu_image_title_col":false,"mega_menu_link_col":"shopify:\/\/collections\/watches","mega_menu_ll_col":"","mega_menu_product_col":"","mega_menu_collection_col":"","mega_menu_collection_limit_col":4,"mega_menu_image_size_col":"460x240","mega_menu_image_link_col":""}},"1583059645504":{"type":"mega-vertical-column","settings":{"title":"++ Gadgets > Row > Column 2","mega_menu_col":"menu","mega_menu_width_col":4,"mega_menu_title_col":"Industrial Supplies","mega_menu_image_title_col":false,"mega_menu_link_col":"shopify:\/\/collections\/accessories","mega_menu_ll_col":"","mega_menu_product_col":"","mega_menu_collection_col":"","mega_menu_collection_limit_col":4,"mega_menu_image_size_col":"460x240","mega_menu_image_link_col":""}},"1583059805891":{"type":"mega-vertical-trigger","settings":{"title":"TV & Audio","mega_navigation":"TV & Audio","manually_width":100,"mega_menu_bg":"bg_image","mega_menu_bg_img_size":"292x270","mega_menu_bg_position":"right","mega_menu_bg_color":"#ffffff","mega_menu_min_height":300}},"1583059910296":{"type":"mega-vertical-menu","settings":{"title":"+ TV & Audio > Row"}},"1583059928039":{"type":"mega-vertical-column","settings":{"title":"+ TV & Audio > Row > Column 1","mega_menu_col":"menu","mega_menu_width_col":4,"mega_menu_title_col":"Watches","mega_menu_image_title_col":false,"mega_menu_link_col":"shopify:\/\/collections\/watches","mega_menu_ll_col":"","mega_menu_product_col":"","mega_menu_collection_col":"","mega_menu_collection_limit_col":4,"mega_menu_image_size_col":"460x240","mega_menu_image_link_col":""}},"1583059967861":{"type":"mega-vertical-column","settings":{"title":"+ TV & Audio > Row > Column 2","mega_menu_col":"menu","mega_menu_width_col":4,"mega_menu_title_col":"Audio & Video","mega_menu_image_title_col":false,"mega_menu_link_col":"shopify:\/\/collections\/tv-audio","mega_menu_ll_col":"","mega_menu_product_col":"","mega_menu_collection_col":"","mega_menu_collection_limit_col":4,"mega_menu_image_size_col":"460x240","mega_menu_image_link_col":""}},"1583060027046":{"type":"mega-vertical-column","settings":{"title":"+ TV & Audio > Row > Column 2","mega_menu_col":"menu","mega_menu_width_col":4,"mega_menu_title_col":"Laptop","mega_menu_image_title_col":false,"mega_menu_link_col":"shopify:\/\/collections\/laptops-computer","mega_menu_ll_col":"","mega_menu_product_col":"","mega_menu_collection_col":"","mega_menu_collection_limit_col":4,"mega_menu_image_size_col":"460x240","mega_menu_image_link_col":""}},"1583060084471":{"type":"mega-vertical-trigger","settings":{"title":"All in One","mega_navigation":"All in One","manually_width":75,"mega_menu_bg":"bg_image","mega_menu_bg_img_size":"","mega_menu_bg_position":"right","mega_menu_bg_color":"#ffffff","mega_menu_min_height":300}},"1583060185041":{"type":"mega-vertical-menu","settings":{"title":"+ All in One > Row"}},"1583060194562":{"type":"mega-vertical-column","settings":{"title":"++ All in One > Row > Column 1","mega_menu_col":"multi-menu","mega_menu_width_col":6,"mega_menu_title_col":"","mega_menu_image_title_col":false,"mega_menu_link_col":"","mega_menu_ll_col":"","mega_menu_product_col":"","mega_menu_collection_col":"","mega_menu_collection_limit_col":4,"mega_menu_image_size_col":"460x240","mega_menu_image_link_col":""}},"1583060216169":{"type":"mega-vertical-column","settings":{"title":"++ All in One > Row > Column 2","mega_menu_col":"menu","mega_menu_width_col":6,"mega_menu_title_col":"Audio & Video","mega_menu_image_title_col":false,"mega_menu_link_col":"shopify:\/\/collections\/tv-audio","mega_menu_ll_col":"","mega_menu_product_col":"","mega_menu_collection_col":"","mega_menu_collection_limit_col":4,"mega_menu_image_size_col":"460x240","mega_menu_image_link_col":""}},"1583060535743":{"type":"mega-vertical-trigger","settings":{"title":"Accessories","mega_navigation":"Accessories","manually_width":75,"mega_menu_bg":"bg_image","mega_menu_bg_img_size":"292x270","mega_menu_bg_position":"right","mega_menu_bg_color":"#ffffff","mega_menu_min_height":300}},"1583060572309":{"type":"mega-vertical-menu","settings":{"title":"+ Accessories > Row"}},"1583060580736":{"type":"mega-vertical-column","settings":{"title":"++ Accessories > Row > Column 1","mega_menu_col":"menu","mega_menu_width_col":4,"mega_menu_title_col":"Eyewear","mega_menu_image_title_col":false,"mega_menu_link_col":"shopify:\/\/collections\/eyewear","mega_menu_ll_col":"","mega_menu_product_col":"","mega_menu_collection_col":"","mega_menu_collection_limit_col":4,"mega_menu_image_size_col":"460x240","mega_menu_image_link_col":""}},"1583060598709":{"type":"mega-vertical-column","settings":{"title":"++ Accessories > Row > Column 2","mega_menu_col":"menu","mega_menu_width_col":3,"mega_menu_title_col":"Ecommerce Page","mega_menu_image_title_col":false,"mega_menu_link_col":"shopify:\/\/pages\/contact-us","mega_menu_ll_col":"","mega_menu_product_col":"","mega_menu_collection_col":"","mega_menu_collection_limit_col":4,"mega_menu_image_size_col":"460x240","mega_menu_image_link_col":""}},"1583060679544":{"type":"mega-vertical-trigger","settings":{"title":"Gaming","mega_navigation":"Gaming","manually_width":75,"mega_menu_bg":"bg_image","mega_menu_bg_img_size":"","mega_menu_bg_position":"right","mega_menu_bg_color":"#ffffff","mega_menu_min_height":300}},"1583060713746":{"type":"mega-vertical-menu","settings":{"title":"+ Gaming > Row"}},"1583060724763":{"type":"mega-vertical-column","settings":{"title":"++ Gaming > Row > Column 1","mega_menu_col":"multi-menu","mega_menu_width_col":6,"mega_menu_title_col":"","mega_menu_image_title_col":false,"mega_menu_link_col":"","mega_menu_ll_col":"","mega_menu_product_col":"","mega_menu_collection_col":"","mega_menu_collection_limit_col":4,"mega_menu_image_size_col":"460x240","mega_menu_image_link_col":""}},"1583060754425":{"type":"mega-vertical-column","settings":{"title":"++ Gaming > Row > Column 2","mega_menu_col":"menu","mega_menu_width_col":6,"mega_menu_title_col":"Music","mega_menu_image_title_col":false,"mega_menu_link_col":"shopify:\/\/collections\/music","mega_menu_ll_col":"","mega_menu_product_col":"","mega_menu_collection_col":"","mega_menu_collection_limit_col":4,"mega_menu_image_size_col":"460x240","mega_menu_image_link_col":""}},"1583060809690":{"type":"mega-vertical-trigger","settings":{"title":"Laptops & Computer","mega_navigation":"Laptops & Computer","manually_width":75,"mega_menu_bg":"bg_image","mega_menu_bg_img_size":"292x270","mega_menu_bg_position":"right","mega_menu_bg_color":"#ffffff","mega_menu_min_height":300}},"1583060855842":{"type":"mega-vertical-menu","settings":{"title":"+ Laptops & Computer > Row"}},"1583060863651":{"type":"mega-vertical-column","settings":{"title":"++ Laptops & Computer > Row > Column 1","mega_menu_col":"menu","mega_menu_width_col":6,"mega_menu_title_col":"Single Product Pages","mega_menu_image_title_col":false,"mega_menu_link_col":"shopify:\/\/collections\/accessories","mega_menu_ll_col":"","mega_menu_product_col":"","mega_menu_collection_col":"","mega_menu_collection_limit_col":4,"mega_menu_image_size_col":"460x240","mega_menu_image_link_col":""}},"1583060892367":{"type":"mega-vertical-column","settings":{"title":"++ Laptops & Computer > Row > Column 2","mega_menu_col":"menu","mega_menu_width_col":6,"mega_menu_title_col":"Shop Pages","mega_menu_image_title_col":false,"mega_menu_link_col":"shopify:\/\/collections","mega_menu_ll_col":"","mega_menu_product_col":"","mega_menu_collection_col":"","mega_menu_collection_limit_col":4,"mega_menu_image_size_col":"460x240","mega_menu_image_link_col":""}}},"block_order":["1582882627655","1582883247608","1582882658919","1583050277458","1583050294551","1583229466302","1583050686231","1583050720183","1583051002088","1583051019436","1583051240047","1583051094959","1583051415608","1583051458803","1583051479426","1583051527785","1583051611249","1583051890056","1583051912186","1583051918781","1583051944780","1583051951405","1583052635808","1583052650594","1583052666183","1583052692272","1583052702275","1583052911161","1583052924409","1583052942940","1583052959285","1583052968287","1583053164074","1583053176597","1583053186597","1583053200928","1583053212390","1583053352890","1583053365927","1583053376273","1583053389603","1583053400799","1583053679418","1583053721989","1583053732891","1583053752299","1583053760505","1583053768716","1583059539112","1583059598796","1583059610200","1583059645504","1583059805891","1583059910296","1583059928039","1583059967861","1583060027046","1583060084471","1583060185041","1583060194562","1583060216169","1583060535743","1583060572309","1583060580736","1583060598709","1583060679544","1583060713746","1583060724763","1583060754425","1583060809690","1583060855842","1583060863651","1583060892367"],"settings":{"layout":"full","header_style":5,"border_top":false,"fix_header_2":true,"logo":"shopify:\/\/shop_images\/VEKTRA_LOGO_RGB.png","logo_max_width":"110","enable_multi_store":false,"multi_store_text":"Two Shops <br>One Shipment","store_background_1":"#ffffff","store_text_color_1":"#000000","store_name_1":"Electronics","store_background_2":"#333e48","store_text_color_2":"#fdfdfd","store_name_2":"Power Tools","store_link_2":"","welcome_text":"Welcome to VektraPC.com","shipping_text":"","enable_header_contact":true,"enable_header_contact_mobile":true,"enable_header_contact_icon":false,"header_phone_number":"+971 58 6911 849","header_email":"hello@vektrapc.com","header_store_info":"","header_directions":"shopify:\/\/pages\/contact-us","header_locator_page":"","header_order_page":"","nav_linklist":"main-menu-2","vertical_nav_linklist":"","vertical_nav_linklist_icon":false,"toggle_nav_linklist":"","mobile_linklist":"main-menu-2","mobile_touch_menu":"link","use_super_megamenu":false,"show_sticky_bar":true,"show_sticky_bar_mobile":true,"nav_flyout_menu_handle":"Flyout Left","enable_highlight_item":true,"nav_highlight_item":"Home","vertical_nav_highlight_item":"Value of the Day;Top 100 Offers;New Arrivals","enable_menu_sale_label":true,"menu_sale_label_handle":"Features","enable_menu_new_label":true,"menu_new_label_handle":"Catalog","enable_menu_hot_label":true,"menu_hot_label_handle":"Blog"}},"footer":{"type":"footer","blocks":{"1526291917307":{"type":"logo","settings":{"width":4,"social_icon":true,"logo_max_width":"150","show_phone_number_box":true,"phone_number_box_icon":true,"phone_number_box_text_1":"Got questions? Call\/Whatsapp us at","phone_number_box_text_2":"+971 58 6911 849","show_address_box":true,"address_box_text_1":"Email Us","address_box_text_2":"hello@vektrapc.com"}},"1526291688980":{"type":"menu","settings":{"width":2,"footer_menu_title":"Customer Care","hide_footer_menu_title":false,"footer_menu":"footer"}},"099ec545-2753-4c2a-a6ac-656d8c406173":{"type":"menu","settings":{"width":2,"footer_menu_title":"Navigation","hide_footer_menu_title":false,"footer_menu":"main-menu"}},"878980ea-40fb-46f5-bef6-f3324afdec5e":{"type":"menu","settings":{"width":2,"footer_menu_title":"Information","hide_footer_menu_title":false,"footer_menu":""}}},"block_order":["1526291917307","1526291688980","099ec545-2753-4c2a-a6ac-656d8c406173","878980ea-40fb-46f5-bef6-f3324afdec5e"],"settings":{"layout":"boxed","email_type":"mailchimp","fix_layout":true,"mailing_title":"Sign up to our Newsletter","mailing_caption":"to get updates on <b> exclusive deals and new releases <\/b>","mailing_form_action":"https:\/\/vektrapc.us2.list-manage.com\/subscribe\/post?u=23e7e28a48d897cb77635cdae&amp;id=8e1167161f&c=?","mailing_text_placeholder":"Enter your email address","mailing_button_text":"Subscribe","payment_icon_type":"image","payment_image":"shopify:\/\/shop_images\/Payment_Icons_New_f55c9fe3-ceb7-4b1b-afa1-95f9d865b680.png","payment_image_width":"150","payment_icon_1":"icon-cc-visa","payment_icon_title_1":"Visa","payment_icon_2":"icon-cc-paypal","payment_icon_title_2":"PayPal","payment_icon_3":"icon-cc-discover","payment_icon_title_3":"Discover","payment_icon_4":"icon-cc-amex","payment_icon_title_4":"American express"}},"blog-template":{"type":"blog-template","blocks":{"1542271380964":{"type":"search","settings":{"search_blog_placeholder":"Enter Keywords..."}},"1542271385527":{"type":"categories","settings":{"blog_categories_title":"Categories","blog_categories_menu":"main-menu-2"}},"1542271422730":{"type":"recent-posts","settings":{"sidebar_post_title":"Recent posts","sidebar_post":"news","sidebar_post_limit":3}},"1542271429336":{"type":"tags","disabled":true,"settings":{"sidebar_tags_title":"Tags"}}},"block_order":["1542271380964","1542271385527","1542271422730","1542271429336"],"settings":{"blog_pagination_limit":4,"layout":"right-sidebar"}},"article-template":{"type":"article-template","blocks":{"1540549543833":{"type":"search","settings":{"search_blog_placeholder":"Enter Keywords..."}},"1540549549186":{"type":"about","disabled":true,"settings":{"about_blog_title":"About","about_blog_caption":"Lorem ipsum dolor sit amet, consectetur adipiscing elit. Sed tincidunt, erat in malesuada aliquam, est erat faucibus purus, eget viverra nulla sem vitae neque. Quisque id sodales libero."}},"1540549556186":{"type":"categories","disabled":true,"settings":{"blog_categories_title":"Categories","blog_categories_menu":""}},"1540549564815":{"type":"recent-posts","settings":{"sidebar_post_title":"Recent posts","sidebar_post":"news","sidebar_post_limit":3}},"1540549573484":{"type":"tags","disabled":true,"settings":{"sidebar_tags_title":"Tags"}}},"block_order":["1540549543833","1540549549186","1540549556186","1540549564815","1540549573484"],"settings":{"layout":"right-sidebar","show_share_buttons":true}},"404-template":{"type":"404-template","settings":{"breadcrumb_image":""}},"page-faq-template":{"type":"page-faq-template","blocks":{"1583139131190":{"type":"shipping","settings":{"title":"Shipping Information","heading":"Shipping Information"}},"1583139150089":{"type":"shipping-row","settings":{"title":"+ Shipping > Row"}},"1583139178134":{"type":"shipping-column","settings":{"title":"++ Shipping > Column","heading":"What Shipping Methods Are Available?","content":"Lorem ipsum dolor sit amet, consectetur adipiscing elit. Phasellus sapien lorem, consectetur et turpis id, blandit interdum metus. Morbi sed ligula id elit mollis efficitur ut nec ligula. Proin erat magna, pellentesque at elementum at, eleifend a tortor."}},"1583139419537":{"type":"shipping-column","settings":{"title":"++ Shipping > Column","heading":"How Long Will it Take To Get My Package?","content":"Lorem ipsum dolor sit amet, consectetur adipiscing elit. Phasellus sapien lorem, consectetur et turpis id, blandit interdum metus. Morbi sed ligula id elit mollis efficitur ut nec ligula. Proin erat magna, pellentesque at elementum at, eleifend a tortor."}},"1583139356511":{"type":"shipping-row","settings":{"title":"+ Shipping > Row"}},"1583139375916":{"type":"shipping-column","settings":{"title":"++ Shipping > Column","heading":"How Do I Track My Order?","content":"Integer ex turpis, venenatis vitae nibh vel, vestibulum maximus quam. Ut pretium orci ac vestibulum porttitor. Fusce tempus diam quis justo porttitor gravida."}},"1583139395331":{"type":"shipping-column","settings":{"title":"++ Shipping > Column","heading":"Do I Need A Account To Place Order?","content":"Integer ex turpis, venenatis vitae nibh vel, vestibulum maximus quam. Ut pretium orci ac vestibulum porttitor. Fusce tempus diam quis justo porttitor gravida."}},"1583139449243":{"type":"faq","settings":{"title":"FAQ","heading":"FAQ Second Version"}},"1525749647968":{"type":"text","settings":{"heading":"What Shipping Methods Are Available?","content":"In egestas, libero vitae scelerisque tristique, turpis augue faucibus dolor, at aliquet ligula massa at justo. Donec viverra tortor quis tortor pretium, in pretium risus finibus. Integer viverra pretium auctor. Aliquam eget convallis eros, varius sagittis nulla. Suspendisse potenti. Aenean consequat ex sit amet metus ultrices tristique. Nam ac nunc augue. Suspendisse finibus in dolor eget volutpat."}},"1525749654598":{"type":"text","settings":{"heading":"How Long Will it Take To Get My Package?","content":"In egestas, libero vitae scelerisque tristique, turpis augue faucibus dolor, at aliquet ligula massa at justo. Donec viverra tortor quis tortor pretium, in pretium risus finibus. Integer viverra pretium auctor. Aliquam eget convallis eros, varius sagittis nulla. Suspendisse potenti. Aenean consequat ex sit amet metus ultrices tristique. Nam ac nunc augue. Suspendisse finibus in dolor eget volutpat."}},"1525749657633":{"type":"text","settings":{"heading":"How Do I Track My Order?","content":"In egestas, libero vitae scelerisque tristique, turpis augue faucibus dolor, at aliquet ligula massa at justo. Donec viverra tortor quis tortor pretium, in pretium risus finibus. Integer viverra pretium auctor. Aliquam eget convallis eros, varius sagittis nulla. Suspendisse potenti. Aenean consequat ex sit amet metus ultrices tristique. Nam ac nunc augue. Suspendisse finibus in dolor eget volutpat."}},"1583139527695":{"type":"text","settings":{"heading":"How Do I Place an Order?","content":"In egestas, libero vitae scelerisque tristique, turpis augue faucibus dolor, at aliquet ligula massa at justo. Donec viverra tortor quis tortor pretium, in pretium risus finibus. Integer viverra pretium auctor. Aliquam eget convallis eros, varius sagittis nulla. Suspendisse potenti. Aenean consequat ex sit amet metus ultrices tristique. Nam ac nunc augue. Suspendisse finibus in dolor eget volutpat."}},"1583139547338":{"type":"text","settings":{"heading":"How Should I to Contact if I Have Any Queries?","content":"In egestas, libero vitae scelerisque tristique, turpis augue faucibus dolor, at aliquet ligula massa at justo. Donec viverra tortor quis tortor pretium, in pretium risus finibus. Integer viverra pretium auctor. Aliquam eget convallis eros, varius sagittis nulla. Suspendisse potenti. Aenean consequat ex sit amet metus ultrices tristique. Nam ac nunc augue. Suspendisse finibus in dolor eget volutpat."}},"1583139556403":{"type":"text","settings":{"heading":"Do I Need an Account to Place an Order?","content":"In egestas, libero vitae scelerisque tristique, turpis augue faucibus dolor, at aliquet ligula massa at justo. Donec viverra tortor quis tortor pretium, in pretium risus finibus. Integer viverra pretium auctor. Aliquam eget convallis eros, varius sagittis nulla. Suspendisse potenti. Aenean consequat ex sit amet metus ultrices tristique. Nam ac nunc augue. Suspendisse finibus in dolor eget volutpat."}}},"block_order":["1583139131190","1583139150089","1583139178134","1583139419537","1583139356511","1583139375916","1583139395331","1583139449243","1525749647968","1525749654598","1525749657633","1583139527695","1583139547338","1583139556403"],"settings":{"breadcrumb_image":""}},"list-collections-template":{"type":"list-collections-template","blocks":{"1540550184283":{"type":"collection","settings":{"collection":""}},"1540550213814":{"type":"collection","settings":{"collection":""}},"1540553505553":{"type":"collection","settings":{"collection":""}}},"block_order":["1540550184283","1540550213814","1540553505553"],"settings":{"display_type":"selected"}},"product-template":{"type":"product-template","blocks":{"1527569219397":{"type":"description","settings":{"multi-tab":true}},"1555995267909":{"type":"collections","settings":{"heading":"Categories","display_type":"navigation","icon":"none","menu_item":"main-menu-2","collection_1":"","collection_2":"","collection_3":"","collection_4":"","collection_5":"","collection_6":"","collection_7":"","collection_8":"","collection_9":"","collection_10":"","collection_11":"","collection_12":""}}},"block_order":["1527569219397","1555995267909"],"settings":{"enable_payment_button":false,"enable_pre_order_button":false,"show_product_vendor":true,"show_product_collections":false,"show_product_sku":true,"meta_countdown_timer":true,"meta_description_excerpt":true,"meta_video":true,"meta_size_chart":true,"order_shipping_time":false,"deadline_day":14,"delivery_time":2,"enable_related_product":true,"heading":"Related items","related_product_data":"collection","item_per_row":4,"item_per_row_tablet":4,"item_per_row_mobile":2,"related_product_limit":6,"sidebar_mode":"none","product_tab_bg_color":"#ffffff","show_product_tab":true,"product_tab_review":"inside"}},"collection-template":{"type":"collection-template","blocks":{"1540451435061":{"type":"collections","settings":{"heading":"Categories","display_type":"navigation","icon":"none","menu_item":"main-menu","collection_1":"","collection_2":"","collection_3":"","collection_4":"","collection_5":"","collection_6":"","collection_7":"","collection_8":"","collection_9":"","collection_10":"","collection_11":"","collection_12":""}},"1555396695970":{"type":"heading_filter","settings":{"heading_filter":"Filter"}},"295955db-f665-40e6-a522-eac02fdc8acf":{"type":"filter","settings":{"filter_prefix":"Brand","filter_prefix_prop":"AMD,ASRock,ASUS,Bitspower,Corsair,Elgato,Gamdias,Gamdias,HyperX,Intel,Kingston,Klevv,Lexar,Lian Li,NZXT,Razer,Samsung,Vektra,ZADAK,Zotac"}},"1540455415794":{"type":"filter","settings":{"filter_prefix":"Cores\/Threads","filter_prefix_prop":"2\/4,4\/4,4\/8,6\/6,6\/12,8\/8,8\/16,10\/20,12\/24,16\/32"}},"1586877105122":{"type":"filter","settings":{"filter_prefix":"CPU Family","filter_prefix_prop":"Ryzen 3,Ryzen 5,Ryzen 7,Ryzen 9,Ryzen Threadripper PRO,Pentium,Pentium Gold,Core i3,Core i5,Core i7,Core i9"}},"1555059437194":{"type":"filter","settings":{"filter_prefix":"Series","filter_prefix_prop":"Ryzen 3000,Ryzen 4000,Ryzen 5000,Intel 7th Gen,Intel 9th Gen,Intel 10th Gen,Intel 11th Gen,Radeon RX 500,Radeon RX 5000,Radeon RX 6000,GeForce 700,GeForce 16,GeForce 20,GeForce 30"}},"1555385113612":{"type":"filter","settings":{"filter_prefix":"Integrated Graphics","filter_prefix_prop":"Radeon RX Vega 11,Radeon RX Vega 7,Intel HD Graphics 610,Intel HD Graphics 630,Intel UHD Graphics 610,Intel UHD Graphics 630,Intel UHD Graphics 750,No Integrated Graphics"}},"1603268372548":{"type":"filter","settings":{"filter_prefix":"Socket","filter_prefix_prop":"AM4,sWRX8,LGA 1151,LGA 1200,LGA 2066"}},"1603268374401":{"type":"filter","settings":{"filter_prefix":"Chipset","filter_prefix_prop":"B450,B550,X570,H110,H310,B365,Z390,B460,Z490,X299,H510,B560,H570,Z590"}},"1603268378768":{"type":"filter","settings":{"filter_prefix":"Chipset Family","filter_prefix_prop":"AMD 400,AMD 500,Intel 100,Intel 200,Intel 300,Intel 400,Intel 500"}},"1603268380143":{"type":"filter","settings":{"filter_prefix":"Form Factor","filter_prefix_prop":"mini-ITX,mATX,ATX,E-ATX,M.2,2.5\",3.5\""}},"1603268381431":{"type":"filter","settings":{"filter_prefix":"GPU","filter_prefix_prop":"RX 570,RX 580,RX 590 GME,RX 5500 XT,RX 5600 XT,RX 5700 XT,RX 6800,RX 6800 XT,RX 6900 XT,GT 710,GT 730,GTX 1650,GTX 1650 Super,GTX 1660 Super,GTX 1660 Ti,RTX 2060,RTX 2060 Super,RTX 2070 Super,RTX 2080 Super,RTX 2080 Ti,RTX 3060,RTX 3060 LHR,RTX 3060 Ti,RTX 3060 Ti LHR,RTX 3070,RTX 3070 LHR,RTX 3070 Ti,RTX 3080,RTX 3080 Ti,RTX 3090"}},"1603268375872":{"type":"filter","settings":{"filter_prefix":"Memory Size","filter_prefix_prop":"2GB,4GB,6GB,8GB,10GB,11GB,12GB,16GB,24GB,32GB"}},"1603268557801":{"type":"filter","settings":{"filter_prefix":"Memory Type","filter_prefix_prop":"DDR3,DDR4,GDDR5,GDDR6,GDDR6X"}},"1603268582187":{"type":"filter","settings":{"filter_prefix":"Sub-Category","filter_prefix_prop":"Desktop Memory,Laptop Memory,Solid State Drive,Hard Disk Drive,Portable Storage,CPU Cooler,Case Fan,Keyboard,Mouse,Mouse Pad,Headset,Microphone,Capture Card,Webcam,Chair,Desk"}},"1603268597674":{"type":"filter","settings":{"filter_prefix":"Capacity","filter_prefix_prop":"Less Than 500GB, 500GB, 1TB,2TB,4TB"}},"1603268621730":{"type":"filter","settings":{"filter_prefix":"Interface","filter_prefix_prop":"NVMe,SATA,USB"}},"1603268650130":{"type":"filter","settings":{"filter_prefix":"Cables","filter_prefix_prop":"Semi-Modular,Non-Modular"}},"1603268672147":{"type":"filter","settings":{"filter_prefix":"Certification","filter_prefix_prop":"80+ Bronze,80+ Gold"}},"1555060620312":{"type":"filter","settings":{"filter_prefix":"Wattage","filter_prefix_prop":"500W-650W,700W-850W"}},"078edf42-bdd4-4e90-b1ff-77dfb9eb3097":{"type":"filter","settings":{"filter_prefix":"Cooling Type","filter_prefix_prop":"Air Cooling,Liquid Cooling"}},"c2775011-f88a-47bd-a28c-699754a9bc18":{"type":"filter","settings":{"filter_prefix":"Lighting","filter_prefix_prop":"ARGB,RGB,LED,No Lighting"}},"191591ca-7093-4105-bb46-3b04c23a23b2":{"type":"filter","settings":{"filter_prefix":"Size","filter_prefix_prop":"120mm, 240mm, 360mm"}},"66f157af-2118-475d-a0eb-16cdd6597522":{"type":"filter","settings":{"filter_prefix":"Side Panel","filter_prefix_prop":"Tempered Glass, Acrylic Glass, Solid Panel"}},"c80f8ee9-e393-4e38-953c-f6c9ae2028fa":{"type":"filter","settings":{"filter_prefix":"Connectivity","filter_prefix_prop":"Wired, Wireless"}},"06c2fd6d-50c1-4fbd-8e79-a9d4fae17775":{"type":"filter","settings":{"filter_prefix":"Switch Type","filter_prefix_prop":"Opto-Mechanical, Mechanical, Mecha-Membrane, Membrane"}},"e273dcc9-0546-4dcf-bb63-0fd38ee584c3":{"type":"filter","settings":{"filter_prefix":"Resolution","filter_prefix_prop":"1920 x 1080"}},"0417235a-c9c3-40e8-9d33-35a6eb586d15":{"type":"filter","settings":{"filter_prefix":"Screen Size","filter_prefix_prop":"26\"-29.9\""}},"22c55049-6cc9-4ae6-b4f5-944d9f8764ba":{"type":"filter","settings":{"filter_prefix":"Panel","filter_prefix_prop":"TN"}},"372d288f-7ce3-49ff-bf5a-eb83f6ec535d":{"type":"filter","settings":{"filter_prefix":"Refresh Rate","filter_prefix_prop":"165Hz"}},"e9cd1f20-c286-40cc-ae51-ffa0d7c2eced":{"type":"filter","settings":{"filter_prefix":"Response Time","filter_prefix_prop":"0.5ms"}},"1540884442565":{"type":"subcollection","settings":{"type":"metafield","subcategory_title":"Categories","subcategory_menu":"","subcollection_per_row":4}}},"block_order":["1540451435061","1555396695970","295955db-f665-40e6-a522-eac02fdc8acf","1540455415794","1586877105122","1555059437194","1555385113612","1603268372548","1603268374401","1603268378768","1603268380143","1603268381431","1603268375872","1603268557801","1603268582187","1603268597674","1603268621730","1603268650130","1603268672147","1555060620312","078edf42-bdd4-4e90-b1ff-77dfb9eb3097","c2775011-f88a-47bd-a28c-699754a9bc18","191591ca-7093-4105-bb46-3b04c23a23b2","66f157af-2118-475d-a0eb-16cdd6597522","c80f8ee9-e393-4e38-953c-f6c9ae2028fa","06c2fd6d-50c1-4fbd-8e79-a9d4fae17775","e273dcc9-0546-4dcf-bb63-0fd38ee584c3","0417235a-c9c3-40e8-9d33-35a6eb586d15","22c55049-6cc9-4ae6-b4f5-944d9f8764ba","372d288f-7ce3-49ff-bf5a-eb83f6ec535d","e9cd1f20-c286-40cc-ae51-ffa0d7c2eced","1540884442565"],"settings":{"col_des_position":"top","show_col_gl":false,"show_col_sort_by":true,"item_per_page":20,"and_logic":true,"sb_filters":"groups","sb_filters_position":"sidebar","sb_filters_style":"accordion","body_filters_style":"toggle","sidebar_mode":"left"}},"collection-infinite-template":{"type":"collection-infinite-template","blocks":{"1557125383107":{"type":"filter","settings":{"filter_prefix":"Color","filter_prefix_prop":"White, Black, Yellow, Pink, Blue"}},"1557125423506":{"type":"filter","settings":{"filter_prefix":"Price","filter_prefix_prop":"Under $100, Above $300"}},"1557125473306":{"type":"filter","settings":{"filter_prefix":"Brand","filter_prefix_prop":"Elle, Bikis, Godo"}}},"block_order":["1557125383107","1557125423506","1557125473306"],"settings":{"breadcrumb_image":"","col_des_position":"top","show_col_gl":true,"show_col_sort_by":true,"item_per_page":16,"and_logic":true,"sb_filters":"groups","sb_filters_position":"body","sb_filters_style":"normal","body_filters_style":"drawer","sidebar_mode":"none"}},"blog-template-02":{"type":"blog-template-02","blocks":{"1540363367347":{"type":"search","settings":{"search_blog_placeholder":"Enter Keywords..."}},"1540363371098":{"type":"about","settings":{"about_blog_title":"About","about_blog_caption":"Lorem ipsum dolor sit amet, consectetur adipiscing elit. Sed tincidunt, erat in malesuada aliquam, est erat faucibus purus, eget viverra nulla sem vitae neque. Quisque id sodales libero."}},"1540363383272":{"type":"categories","settings":{"blog_categories_title":"Categories","blog_categories_menu":""}},"1540363390218":{"type":"recent-posts","settings":{"sidebar_post_title":"Recent posts","sidebar_post":"","sidebar_post_limit":3}},"1540363397643":{"type":"tags","settings":{"sidebar_tags_title":"Tags"}}},"block_order":["1540363367347","1540363371098","1540363383272","1540363390218","1540363397643"],"settings":{"breadcrumb_image":"","blog_pagination_limit":4,"layout":"right-sidebar"}},"product-extended-template":{"type":"product-extended-template","blocks":{"1535524684962":{"type":"description","settings":{"multi-tab":true}},"1536822135238":{"type":"page","settings":{"page_title":"Shipping & Returns","page":""}}},"block_order":["1535524684962","1536822135238"],"settings":{"enable_payment_button":false,"enable_pre_order_button":true,"show_product_vendor":true,"show_product_collections":true,"show_product_sku":true,"meta_countdown_timer":true,"meta_description_excerpt":true,"meta_video":true,"meta_size_chart":true,"order_shipping_time":true,"deadline_day":14,"delivery_time":2,"enable_related_product":true,"heading":"Related items","related_product_data":"collection","item_per_row":6,"item_per_row_tablet":4,"item_per_row_mobile":2,"related_product_limit":6,"product_tab_bg_color":"#f9f9f9","show_product_tab":true,"product_tab_review":"below"}},"bottom":{"type":"bottom","blocks":{"1553165486604":{"type":"products-listing","settings":{"heading":"Featured products","width":3,"collection":""}},"1553165492928":{"type":"products-listing","settings":{"heading":"Onsale Products","width":3,"collection":""}},"1553165627991":{"type":"products-listing","settings":{"heading":"Top Rated Products","width":3,"collection":""}},"1557132719102":{"type":"image","settings":{"width":3,"image":"","link":""}}},"block_order":["1553165486604","1553165492928","1553165627991","1557132719102"],"settings":{"hide_mobile":false,"layout":"boxed"}},"product-redirect-template":{"type":"product-redirect-template","blocks":{"1535524635541":{"type":"description","settings":{"multi-tab":true}},"1536822216789":{"type":"page","settings":{"page_title":"Shipping & Returns","page":""}}},"block_order":["1535524635541","1536822216789"],"settings":{"enable_payment_button":false,"enable_pre_order_button":true,"show_product_vendor":true,"show_product_collections":true,"show_product_sku":true,"meta_redirect":true,"meta_countdown_timer":true,"meta_description_excerpt":true,"meta_video":true,"meta_size_chart":true,"order_shipping_time":true,"deadline_day":14,"delivery_time":2,"secure":"","enable_related_product":true,"heading":"Related items","related_product_data":"collection","item_per_row":6,"item_per_row_tablet":4,"item_per_row_mobile":2,"related_product_limit":6,"product_tab_bg_color":"#f9f9f9","show_product_tab":true,"product_tab_review":"inside"}},"product-bundle-template":{"type":"product-bundle-template","blocks":{"1535438771762":{"type":"description","settings":{"multi-tab":true}},"1535438775537":{"type":"page","settings":{"page_title":"Shipping & Return","page":""}}},"block_order":["1535438771762","1535438775537"],"settings":{"enable_payment_button":false,"enable_pre_order_button":true,"show_product_vendor":true,"show_product_collections":true,"show_product_sku":true,"meta_countdown_timer":true,"meta_description_excerpt":true,"meta_video":true,"meta_size_chart":true,"order_shipping_time":true,"deadline_day":14,"delivery_time":2,"secure":"","enable_related_product":true,"heading":"Related items","related_product_data":"collection","item_per_row":6,"item_per_row_tablet":4,"item_per_row_mobile":2,"related_product_limit":6,"product_tab_bg_color":"#f9f9f9","show_product_tab":true,"product_tab_review":"below"}},"cart-template":{"type":"cart-template","settings":{"additional_checkout_buttons":false,"enable_order_notes":true,"enable_terms_condition":false,"terms_condition_image":"","image_size":"440x","shipping_calculator":"Disabled","shipping_calculator_default_country":"United States","cart_enable_upsell":true,"cart_upsell_data":"nest","cart_upsell_heading":"You might also like"}},"page-store-locator-template":{"type":"page-store-locator-template","blocks":{"1542274989750":{"type":"store","settings":{"store_name":"GALLERIA @ DALLAS","store_address":"13350 Dallas Parkway, Suite 2715A Dallas , 75240 USA","store_features":"Mon - Fri, 8:30am - 10:30pm<br>Saturday, 8:30am - 10:30pm<br>Sunday, 8:30am - 10:30pm","store_latlong":"33.191340,-96.838430"}},"1542275450565":{"type":"store","settings":{"store_name":"Store Los Angeles","store_address":"102580 Santa Monica BLVD Los Angeles","store_features":"24 Open, Seat Places,Toilets","store_latlong":"34.047220, -118.445810"}},"1542275477985":{"type":"store","settings":{"store_name":"Store Popayan","store_address":"Popayan western Colombia","store_features":"Monday - Friday: 08:00 - 17:00<br>>Saturday: 08:00 - 17:00","store_latlong":"2.438589,-76.604692"}},"1542275503842":{"type":"store","settings":{"store_name":"Store VN","store_address":"Arenatheme HCM City","store_features":"Monday - Sunday: 8:00 - 18:00","store_latlong":"10.823099, 106.629662"}}},"block_order":["1542274989750","1542275450565","1542275477985","1542275503842"],"settings":{"breadcrumb_image":"","use_ip_location":true,"contact_latlong":"51.514863, -0.133689","map_zoom":5,"store_style":"[\n    {\n        \"featureType\": \"administrative\",\n        \"elementType\": \"labels.text.fill\",\n        \"stylers\": [\n            {\n                \"color\": \"#444444\"\n            }\n        ]\n    },\n    {\n        \"featureType\": \"landscape\",\n        \"elementType\": \"all\",\n        \"stylers\": [\n            {\n                \"color\": \"#f2f2f2\"\n            }\n        ]\n    },\n    {\n        \"featureType\": \"poi\",\n        \"elementType\": \"all\",\n        \"stylers\": [\n            {\n                \"visibility\": \"off\"\n            }\n        ]\n    },\n    {\n        \"featureType\": \"road\",\n        \"elementType\": \"all\",\n        \"stylers\": [\n            {\n                \"saturation\": -100\n            },\n            {\n                \"lightness\": 45\n            }\n        ]\n    },\n    {\n        \"featureType\": \"road.highway\",\n        \"elementType\": \"all\",\n        \"stylers\": [\n            {\n                \"visibility\": \"simplified\"\n            }\n        ]\n    },\n    {\n        \"featureType\": \"road.arterial\",\n        \"elementType\": \"labels.icon\",\n        \"stylers\": [\n            {\n                \"visibility\": \"off\"\n            }\n        ]\n    },\n    {\n        \"featureType\": \"transit\",\n        \"elementType\": \"all\",\n        \"stylers\": [\n            {\n                \"visibility\": \"off\"\n            }\n        ]\n    },\n    {\n        \"featureType\": \"water\",\n        \"elementType\": \"all\",\n        \"stylers\": [\n            {\n                \"color\": \"#ffcc00\"\n            },\n            {\n                \"visibility\": \"on\"\n            }\n        ]\n    }\n]"}},"bottom-partner":{"type":"bottom-partner","blocks":{"1553747374969":{"type":"image","settings":{"image":"","link":""}},"1553747382202":{"type":"image","settings":{"image":"","link":""}},"1553747387921":{"type":"image","settings":{"image":"","link":""}},"1553747395594":{"type":"image","settings":{"image":"","link":""}},"1553747400456":{"type":"image","settings":{"image":"","link":""}},"1553747442682":{"type":"image","settings":{"image":"","link":""}},"1553747450161":{"type":"image","settings":{"image":"","link":""}},"1553747456196":{"type":"image","settings":{"image":"","link":""}},"1553747462329":{"type":"image","settings":{"image":"","link":""}},"1553747468655":{"type":"image","settings":{"image":"","link":""}}},"block_order":["1553747374969","1553747382202","1553747387921","1553747395594","1553747400456","1553747442682","1553747450161","1553747456196","1553747462329","1553747468655"],"settings":{"hide_mobile":false,"layout":"boxed","image_size":"230x85","item_per_row":6,"tablet_item_per_row":4,"mobile_item_per_row":3}},"recently-viewed":{"type":"recently-viewed","settings":{"hide_mobile":false,"layout":"boxed","heading":"Recently Viewed Products","navigator":false,"paging":false}},"newsletter-template":{"type":"newsletter-template","blocks":{"1554095041063":{"type":"image","disabled":true,"settings":{"image_size":""}},"1553840737334":{"type":"text","settings":{"text":"Sign up to our newsletter!","color":"#000000","font_size":24,"bold_text":true}},"1554085553830":{"type":"text","settings":{"text":"<p>Subscribe to our emails and get notified when we get new products or have awesome deals for you!<\/p>","color":"#c4c4c4","font_size":14,"bold_text":false}},"1554085624911":{"type":"text","settings":{"text":"Your emails are confidential, we won't share your email, data, or email address.","color":"#565252","font_size":10,"bold_text":false}},"1553840706478":{"type":"form","settings":{"email_type":"mailchimp","mailing_form_action":"https:\/\/vektrapc.us2.list-manage.com\/subscribe\/post-json?u=23e7e28a48d897cb77635cdae&amp;id=8e1167161f&c=?","placeholder":"Yourname@email.com","button_text":"Subscribe","button_position":"bottom"}},"1553847320118":{"type":"social","settings":{"border_top":false}}},"block_order":["1554095041063","1553840737334","1554085553830","1554085624911","1553840706478","1553847320118"],"settings":{"newsletter_style":"none","visitors":true,"homepage":true,"lazyload":false,"delay_time":10,"scroll_position":500,"expires":3,"text_box_position":"middle","text_box_backgound":"color","bg_color":"#ffffff","image_size":""}},"preview-panel":{"type":"preview-panel","blocks":{"1555406369383":{"type":"home","settings":{"heading":"Choose Home & Static Pages","menu":""}},"1555475956870":{"type":"ecommerce","settings":{"heading":"Choose Ecommerce Page","menu":""}},"1555476354154":{"type":"blog","settings":{"heading":"Choose Blog Style","menu":""}},"1555476533321":{"type":"category","settings":{"heading":"Choose Product Category","menu":""}},"1555476558721":{"type":"product","settings":{"heading":"Choose Single Product Pages","menu":""}},"1555406579448":{"type":"color","settings":{"heading":"Colors"}}},"block_order":["1555406369383","1555475956870","1555476354154","1555476533321","1555476558721","1555406579448"],"settings":{"heading":"Style Selector"}},"mobile-department":{"type":"mobile-department","blocks":{"1556786861934":{"type":"image","settings":{"svg":"","text":"PRE-BUILT PCs","link":"shopify:\/\/collections\/pre-builts-by-vektra"}},"4e9b0343-c818-4671-978b-2bc20bea4985":{"type":"image","settings":{"svg":"","text":"PC PARTS","link":"shopify:\/\/collections\/components"}},"1591350506869":{"type":"image","settings":{"svg":"","text":"PERIPHERALS","link":"shopify:\/\/collections\/gear"}},"5b48bafd-5aa5-4626-9dad-2f09e46be4fd":{"type":"image","settings":{"svg":"","text":"FURNITURE","link":"shopify:\/\/collections\/furniture"}},"1556786845486":{"type":"image","settings":{"svg":"","text":"NEW ARRIVAL","link":"shopify:\/\/collections\/new-products"}}},"block_order":["1556786861934","4e9b0343-c818-4671-978b-2bc20bea4985","1591350506869","5b48bafd-5aa5-4626-9dad-2f09e46be4fd","1556786845486"],"settings":{"visibility":"none","icon":"none"}},"announcement-bar":{"type":"announcement-bar","blocks":{"808b12e8-c151-4184-b5f9-9ca55b3177d5":{"type":"text","disabled":true,"settings":{"text":"<p><strong>Eid Mubarak!<\/strong> 07\/15\/2021 is the last day for shipments during Eid. Operation will resume after the holidays. <strong>Shukran!<\/strong><\/p>"}}},"block_order":["808b12e8-c151-4184-b5f9-9ca55b3177d5"],"settings":{"layout":"full"}},"product-3d-template":{"type":"product-3d-template","blocks":{"1588833499926":{"type":"description","settings":{"multi-tab":true}}},"block_order":["1588833499926"],"settings":{"enable_payment_button":false,"enable_pre_order_button":false,"show_product_vendor":true,"show_product_collections":true,"show_product_sku":true,"meta_countdown_timer":true,"meta_description_excerpt":true,"meta_video":true,"meta_size_chart":true,"order_shipping_time":true,"deadline_day":14,"delivery_time":2,"secure":"","enable_related_product":true,"heading":"Related items","related_product_data":"collection","item_per_row":6,"item_per_row_tablet":4,"item_per_row_mobile":2,"related_product_limit":6,"sidebar_mode":"none","product_tab_bg_color":"#fff","show_product_tab":true,"product_tab_review":"inside"}},"homepage-left-column":{"type":"homepage-left-column","settings":{"lazyload":true}},"section-slideshow":{"type":"section-slideshow","settings":{"title":"Slideshow V1","show_slideshow":true,"hide_mobile":false,"layout":"boxed","slideshow_height":"auto-height","manually_height":425,"background":"#fff","autoplay":true,"autoplay_speed":6,"animation":"slide","navigator":true,"paging":false,"enable_three_banner":true,"three_banner_style":"1","three_image_bg_color":"#ffffff","three_image_1":"","three_text_1":"","three_button_1":"Shop now","three_link_1":"","three_image_2":"","three_text_2":"","three_button_2":"Shop now","three_link_2":"","three_image_3":"","three_text_3":"","three_button_3":"Shop now","three_link_3":"","fix_text_box_position":false}},"1603353889745":{"type":"section-products-tabs-v3","blocks":{"1603354108315":{"type":"product","settings":{"tab_title":"New Arrivals","collection":"new-products"}},"3e28e17d-da4a-46d0-8642-ab8b039d44e2":{"type":"product","settings":{"tab_title":"On Sale","collection":"on-sale"}}},"block_order":["1603354108315","3e28e17d-da4a-46d0-8642-ab8b039d44e2"],"settings":{"title":"","hide_mobile":false,"layout":"boxed","padding_section":"no","bg_color":"#ffffff","number_active":1,"heading":"","subheading":"See more","alignment_tab_title":"left","tab_title_style":"1","type":"carousel","limited":6,"item_per_row":4,"item_per_row_tablet":3,"carousel_style":"1","navigator":true,"paging":false}},"16265939475e53bf3c":{"type":"section-slideshow-02","blocks":{"2bd359f5-2387-49a8-8f63-f443fac4b341":{"type":"image","settings":{"image":"shopify:\/\/shop_images\/Samsung_DDR5.png","mobile_image":"shopify:\/\/shop_images\/Samsung_DDR5.png","image_position":"center center","link":"https:\/\/www.vektrapc.com\/collections\/vendors?constraint=desktop-memory&q=Samsung","position":90,"horizontal_position":50,"alignment":"text-center","heading":"","subheading":"","caption":"","button_text":"Shop Now","heading_bold":false,"subheading_bold":false,"caption_bold":false,"heading_color":"#ffffff","subheading_color":"#ffffff","caption_color":"#ffffff","heading_size":60,"subheading_size":48,"caption_size":30,"heading_animation":"fadeIn","subheading_animation":"fadeIn","caption_animation":"fadeIn","button_animation":"fadeIn","heading_animation_delay":1,"subheading_animation_delay":1,"caption_animation_delay":1,"button_animation_delay":1}},"51883e1b-a006-420a-adb7-ce5107c38f44":{"type":"image","settings":{"image":"shopify:\/\/shop_images\/Zotac_RTX_3050.png","mobile_image":"shopify:\/\/shop_images\/Zotac_RTX_3050.png","image_position":"center center","link":"shopify:\/\/collections\/nvidia-geforce-rtx-3050","position":92,"horizontal_position":90,"alignment":"text-center","heading":"","subheading":"","caption":"","button_text":"Shop Now","heading_bold":false,"subheading_bold":false,"caption_bold":false,"heading_color":"#ffffff","subheading_color":"#ffffff","caption_color":"#ffffff","heading_size":60,"subheading_size":48,"caption_size":30,"heading_animation":"fadeIn","subheading_animation":"fadeIn","caption_animation":"fadeIn","button_animation":"fadeIn","heading_animation_delay":1,"subheading_animation_delay":1,"caption_animation_delay":1,"button_animation_delay":1}},"620c664f-b080-42e8-b115-2dbd0c837844":{"type":"image","settings":{"image":"shopify:\/\/shop_images\/Intel_12th_Gen_2_bdbc8e6c-264a-4a80-beb5-0cea76dde193.png","mobile_image":"shopify:\/\/shop_images\/Intel_12th_Gen.png","image_position":"center center","link":"shopify:\/\/collections\/intel_12thgen_cpu_lga1700","position":95,"horizontal_position":80,"alignment":"text-center","heading":"","subheading":"","caption":"","button_text":"Shop Now","heading_bold":false,"subheading_bold":false,"caption_bold":false,"heading_color":"#ffffff","subheading_color":"#ffffff","caption_color":"#ffffff","heading_size":60,"subheading_size":48,"caption_size":30,"heading_animation":"fadeIn","subheading_animation":"fadeIn","caption_animation":"fadeIn","button_animation":"fadeIn","heading_animation_delay":1,"subheading_animation_delay":1,"caption_animation_delay":1,"button_animation_delay":1}},"2bf2b808-0cc6-4bae-a96e-cc727ddec05f":{"type":"image","settings":{"image":"shopify:\/\/shop_images\/Zotac_30_Series_33ee75b8-0ad8-4314-8ca3-3614d8c30351.png","mobile_image":"shopify:\/\/shop_images\/Zotac_30_Series_33ee75b8-0ad8-4314-8ca3-3614d8c30351.png","image_position":"center center","link":"https:\/\/www.vektrapc.com\/collections\/graphics-card\/zotac","position":70,"horizontal_position":10,"alignment":"text-center","heading":"","subheading":"","caption":"","button_text":"Shop Now","heading_bold":false,"subheading_bold":false,"caption_bold":false,"heading_color":"#ffffff","subheading_color":"#ffffff","caption_color":"#ffffff","heading_size":60,"subheading_size":48,"caption_size":30,"heading_animation":"fadeIn","subheading_animation":"fadeIn","caption_animation":"fadeIn","button_animation":"fadeIn","heading_animation_delay":1,"subheading_animation_delay":1,"caption_animation_delay":1,"button_animation_delay":1}},"16265939475e53bf3c-0":{"type":"image","settings":{"image":"shopify:\/\/shop_images\/Gaming_PCs_edd01345-c6a7-4e92-92f7-046981b03781.png","mobile_image":"shopify:\/\/shop_images\/Gaming_PCs_edd01345-c6a7-4e92-92f7-046981b03781.png","image_position":"center center","link":"shopify:\/\/collections\/pre-builts-by-vektra","position":50,"horizontal_position":2,"alignment":"text-center","heading":"","subheading":"","caption":"","button_text":"Shop Now","heading_bold":false,"subheading_bold":false,"caption_bold":false,"heading_color":"#ffffff","subheading_color":"#ffffff","caption_color":"#ffffff","heading_size":60,"subheading_size":48,"caption_size":30,"heading_animation":"fadeIn","subheading_animation":"fadeIn","caption_animation":"fadeIn","button_animation":"fadeIn","heading_animation_delay":1,"subheading_animation_delay":1,"caption_animation_delay":1,"button_animation_delay":1}},"ed24d81c-45ff-4777-a002-c6e83184dfa6":{"type":"br-image","settings":{"three_image":"shopify:\/\/shop_images\/1_860544f6-4011-47ae-8b3a-7652943a876c.png","three_text":"Pre-Built by <b> Vektra <\/b>","three_button":"Shop now","three_link":"shopify:\/\/collections\/pre-builts-by-vektra"}},"bd21a8ac-7654-4b15-99a0-2a7c9a472f15":{"type":"br-image","settings":{"three_image":"shopify:\/\/shop_images\/Pngtree_hot_sale_promo_for_ads_6329251.png","three_text":"Amazing <b> Deals <\/b>","three_button":"Shop now","three_link":"shopify:\/\/collections\/on-sale"}},"48f37132-0381-4b7f-a722-2c979eef5224":{"type":"br-image","settings":{"three_image":"shopify:\/\/shop_images\/new_arrival.png","three_text":"New Products <b>Available<\/b>","three_button":"Shop Now","three_link":"shopify:\/\/collections\/new-products"}}},"block_order":["2bd359f5-2387-49a8-8f63-f443fac4b341","51883e1b-a006-420a-adb7-ce5107c38f44","620c664f-b080-42e8-b115-2dbd0c837844","2bf2b808-0cc6-4bae-a96e-cc727ddec05f","16265939475e53bf3c-0","ed24d81c-45ff-4777-a002-c6e83184dfa6","bd21a8ac-7654-4b15-99a0-2a7c9a472f15","48f37132-0381-4b7f-a722-2c979eef5224"],"settings":{"title":"Slideshow V2","show_slideshow":true,"hide_mobile":false,"background":"rgba(0,0,0,0)","autoplay":true,"autoplay_speed":6,"animation":"fade","navigator":false,"paging":true,"slideshow_block_right":"banner","three_banner_style":"2","three_image_bg_color":"#f5f5f5","fix_text_box_position":false}},"16265942746b62b6a7":{"type":"section-list-collections","blocks":{"ded7a735-f10f-4695-9545-c5878e4aa6cc":{"type":"collection","settings":{"collection":"pre-builts-by-vektra"}},"82e882f7-b3fc-4bb9-a227-d072a28239d4":{"type":"collection","settings":{"collection":"graphics-card"}},"1c68062e-cae8-4a4c-a716-821756490347":{"type":"collection","settings":{"collection":"processor"}},"a7459e0a-b3a5-4e5f-8754-b125a973400d":{"type":"collection","settings":{"collection":"motherboards"}},"e88e9dd4-7a9c-4c0f-bddd-8c56a02e0e43":{"type":"collection","settings":{"collection":"memory"}},"1268b093-468a-419a-b0ee-c546d94ce829":{"type":"collection","settings":{"collection":"case"}},"c4027060-d6fb-413c-80de-8e989c899b16":{"type":"collection","settings":{"collection":"cooling"}},"22a5b0d3-69fb-4cb6-9764-e5dff626146d":{"type":"collection","settings":{"collection":"power-supply"}},"d71d4c2c-8957-415a-9d8a-574b7b7b96bd":{"type":"collection","settings":{"collection":"storage"}},"7fe71675-4551-40ad-bb9e-2a1df21b30d3":{"type":"collection","settings":{"collection":"keyboard-mouse"}},"14a86245-dbd0-48d8-bbef-762ed759dc6f":{"type":"collection","settings":{"collection":"audio-device"}},"97c995a8-beee-4be9-89a6-86daf860bf1c":{"type":"collection","settings":{"collection":"furniture"}}},"block_order":["ded7a735-f10f-4695-9545-c5878e4aa6cc","82e882f7-b3fc-4bb9-a227-d072a28239d4","1c68062e-cae8-4a4c-a716-821756490347","a7459e0a-b3a5-4e5f-8754-b125a973400d","e88e9dd4-7a9c-4c0f-bddd-8c56a02e0e43","1268b093-468a-419a-b0ee-c546d94ce829","c4027060-d6fb-413c-80de-8e989c899b16","22a5b0d3-69fb-4cb6-9764-e5dff626146d","d71d4c2c-8957-415a-9d8a-574b7b7b96bd","7fe71675-4551-40ad-bb9e-2a1df21b30d3","14a86245-dbd0-48d8-bbef-762ed759dc6f","97c995a8-beee-4be9-89a6-86daf860bf1c"],"settings":{"section_title":"Top Categories This Month","display_type":"selected","hide_mobile":false,"layout":"boxed","bg_color":"#ffffff","border":true,"heading":"Shop by Category","item_per_row":4,"item_per_row_tablet":4,"item_per_row_mobile":2,"menu_item":""}},"1626594486e370b15e":{"type":"bottom-partner","blocks":{"1626594486e370b15e-0":{"type":"image","settings":{"image":"shopify:\/\/shop_images\/Logo_d1820c6e-3228-466e-981b-072a1471c99e.png","link":"https:\/\/www.vektrapc.com\/collections\/vendors?q=AMD"}},"1626594486e370b15e-1":{"type":"image","settings":{"image":"shopify:\/\/shop_images\/Logo_2667438b-a6b4-4f69-92bd-4dddb5e8e9fc.png","link":"https:\/\/www.vektrapc.com\/collections\/vendors?q=ASRock"}},"1626594486e370b15e-3":{"type":"image","settings":{"image":"shopify:\/\/shop_images\/Logo_efb94c50-eb1c-42a3-bf0e-b0af74bfe821.png","link":"https:\/\/www.vektrapc.com\/collections\/vendors?q=Bitspower"}},"1626594486e370b15e-2":{"type":"image","settings":{"image":"shopify:\/\/shop_images\/Logo_4be977a2-2b9d-4eb4-aae7-0ca967da766f.png","link":"https:\/\/www.vektrapc.com\/collections\/vendors?q=Corsair"}},"1626594486e370b15e-4":{"type":"image","settings":{"image":"shopify:\/\/shop_images\/Logo_f9697467-cdc0-4d12-ab05-3f2efaa09707.png","link":"https:\/\/www.vektrapc.com\/collections\/vendors?q=Gamdias"}},"1626594486e370b15e-5":{"type":"image","settings":{"image":"shopify:\/\/shop_images\/Logo_6147b69d-6f13-43fd-b220-dd5d36734aa2.png","link":"https:\/\/www.vektrapc.com\/collections\/vendors?q=HyperX"}},"1626594486e370b15e-6":{"type":"image","settings":{"image":"shopify:\/\/shop_images\/Logo_7ed3d4b7-5a86-44be-af81-b5584875b8ab.png","link":"https:\/\/www.vektrapc.com\/collections\/vendors?q=Intel"}},"1626594486e370b15e-7":{"type":"image","settings":{"image":"shopify:\/\/shop_images\/Logo_bbf2a712-8dbf-44eb-b6e4-cee78e898474.png","link":"https:\/\/www.vektrapc.com\/collections\/vendors?q=Kingston"}},"1626594486e370b15e-8":{"type":"image","settings":{"image":"shopify:\/\/shop_images\/Logo_5a3f8c15-da52-4ad4-bd58-78d409c06138.png","link":"https:\/\/www.vektrapc.com\/collections\/vendors?q=KLEVV"}},"1626594486e370b15e-9":{"type":"image","settings":{"image":"shopify:\/\/shop_images\/Logo_760762d9-6407-4de1-9e6a-c310d1081bf9.png","link":"https:\/\/www.vektrapc.com\/collections\/vendors?q=Razer"}},"4668c67e-28e9-4997-abc1-57b2805727c0":{"type":"image","settings":{"image":"shopify:\/\/shop_images\/Logo_8064a025-fda7-421b-876d-a682c74ce0d6.png","link":"https:\/\/www.vektrapc.com\/collections\/vendors?q=Samsung"}},"1862857c-099b-4072-9f27-73f123bcb016":{"type":"image","settings":{"image":"shopify:\/\/shop_images\/Logo_ddf36a25-1182-4906-9be3-892bdf87e821.png","link":"https:\/\/www.vektrapc.com\/collections\/vendors?q=Zotac"}}},"block_order":["1626594486e370b15e-0","1626594486e370b15e-1","1626594486e370b15e-3","1626594486e370b15e-2","1626594486e370b15e-4","1626594486e370b15e-5","1626594486e370b15e-6","1626594486e370b15e-7","1626594486e370b15e-8","1626594486e370b15e-9","4668c67e-28e9-4997-abc1-57b2805727c0","1862857c-099b-4072-9f27-73f123bcb016"],"settings":{"hide_mobile":false,"layout":"boxed","image_size":"230x85","item_per_row":6,"tablet_item_per_row":4,"mobile_item_per_row":2}},"16266063733801f8d0":{"type":"section-image-gallery","disabled":true,"blocks":{"16266063733801f8d0-1":{"type":"image","settings":{"image":"shopify:\/\/shop_images\/Vektra_Athena_M1.png","image_size":"630x350","image_width":6,"image_width_tablet":6,"image_width_mobile":6,"button_link":"shopify:\/\/products\/vektra-rx-58-gaming-pc","text_box_overlay":false,"text_align":"center-center","image_title":"","subtitle":"","offer":"","expire":"","button_text":"","title_text_bold":false,"subtitle_text_bold":false,"title_color":"#ffffff","subtitle_color":"#ffffff","offer_color":"#ffffff","button_text_color":"#000000","button_text_bg_color":"#ffffff","title_size":"h2","subtitle_size":"h5","offer_size":"h5"}},"16266063733801f8d0-0":{"type":"image","settings":{"image":"shopify:\/\/shop_images\/Aqua_MOAB_II_Elite.png","image_size":"630x350","image_width":6,"image_width_tablet":6,"image_width_mobile":6,"button_link":"shopify:\/\/products\/vektra-aqua-gaming-pc-powered-by-zadak-mark-i","text_box_overlay":false,"text_align":"center-center","image_title":"","subtitle":"","offer":"","expire":"","button_text":"","title_text_bold":false,"subtitle_text_bold":false,"title_color":"#ffffff","subtitle_color":"#ffffff","offer_color":"#ffffff","button_text_color":"#000000","button_text_bg_color":"#ffffff","title_size":"h2","subtitle_size":"h5","offer_size":"h5"}},"16266063733801f8d0-2":{"type":"image","settings":{"image":"shopify:\/\/shop_images\/Vektra_NZXT_H510.png","image_size":"630x350","image_width":6,"image_width_tablet":6,"image_width_mobile":6,"button_link":"shopify:\/\/products\/vktr-ve-h51w-i5104f-2060","text_box_overlay":false,"text_align":"center-center","image_title":"","subtitle":"","offer":"","expire":"","button_text":"","title_text_bold":false,"subtitle_text_bold":false,"title_color":"#ffffff","subtitle_color":"#ffffff","offer_color":"#ffffff","button_text_color":"#000000","button_text_bg_color":"#ffffff","title_size":"h2","subtitle_size":"h5","offer_size":"h5"}},"8e83d381-baf0-464b-9aba-80f54272384d":{"type":"image","settings":{"image":"shopify:\/\/shop_images\/Vektra_Corsair_iCUE_220T.png","image_size":"630x350","image_width":6,"image_width_tablet":6,"image_width_mobile":6,"button_link":"shopify:\/\/products\/vektra-z3-gaming-pc","text_box_overlay":false,"text_align":"center-center","image_title":"","subtitle":"","offer":"","expire":"","button_text":"","title_text_bold":false,"subtitle_text_bold":false,"title_color":"#ffffff","subtitle_color":"#ffffff","offer_color":"#ffffff","button_text_color":"#000000","button_text_bg_color":"#ffffff","title_size":"h2","subtitle_size":"h5","offer_size":"h5"}}},"block_order":["16266063733801f8d0-1","16266063733801f8d0-0","16266063733801f8d0-2","8e83d381-baf0-464b-9aba-80f54272384d"],"settings":{"title":"Pre-Builts by Vektra","hide_mobile":false,"layout":"boxed","type":"row","padding_section":14,"effect":"2","item_per_row":4,"item_per_row_tablet":3,"item_per_row_mobile":2}},"1626613247ccbb874a":{"type":"section-custom-content","disabled":true,"settings":{"title":"Custom Content","hide_mobile":false,"layout":"boxed","background_color":"","top_margin":false,"bottom_margin":true,"check_min_height":true,"text_min_height":300,"heading":"Pre-Built by Vektra","heading_color":"#3a3a3a"}},"1626613349ce5cf521":{"type":"section-custom-content","blocks":{"1626613349ce5cf521-0":{"type":"text","settings":{"heading_text":"Introducing the Vektra Vybe and Vektra Velocity High-End Flagship Gaming PCs @ GITEX Global 2021","heading_color":"#3a3a3a","heading_size":"h2","paragraph_text":"<p>[PRESS RELEASE] 2nd November 2021, Dubai, UAE: “Vektra PC”, a UAE based custom system integrator, has launched two new high-end flagship gaming PCs, the Vektra \"VYBE\" and Vektra \"VELOCITY\"<\/p><p><\/p><p><a href=\"\/blogs\/news\/introducing-the-vektra-vybe-and-vektra-velocity-high-end-flagship-gaming-pcs-gitex-global-2021\" title=\"Introducing the Vektra Vybe and Vektra Velocity High-End Flagship Gaming PCs @ GITEX Global 2021\">Read more<\/a><\/p>","paragraph_color":"#4a4a4a","paragraph_size":"h5","width":"50%","alignment":"center","align_text":"left"}},"1626613349ce5cf521-1":{"type":"image","settings":{"image":"shopify:\/\/shop_images\/Untitled.png","width":"50%","alignment":"center"}},"f592eaf5-8ab2-45f4-acd9-a7ccdd4444f7":{"type":"image","settings":{"image":"shopify:\/\/shop_images\/Intel_12th_Gen.png","width":"50%","alignment":"center"}},"491ef855-5af0-4259-849e-7e67d00addaa":{"type":"text","settings":{"heading_text":"12th Gen Intel® Core™ Processors have arrived!","heading_color":"#3a3a3a","heading_size":"h2","paragraph_text":"<p>SAN FRANCISCO, Oct. 27, 2021 – Today at <a href=\"https:\/\/www.intel.com\/content\/www\/us\/en\/newsroom\/resources\/press-kit-innovation-developers-event.html\">Intel Innovation<\/a>, Intel unveiled the <a href=\"https:\/\/www.intel.com\/content\/www\/us\/en\/newsroom\/resources\/press-kit-12th-gen-core-procesors.html\">12th Gen Intel® Core™ processor family<\/a> with the launch of six new unlocked desktop processors, including the world’s best gaming processor, the 12th Gen Intel Core i9-12900K. With a max turbo boost of up to 5.2 GHz and as many as 16 cores and 24 threads, the new desktop processors reach new heights of multi-threaded performance for enthusiast gamers and professional creators.<\/p><p><br\/><a href=\"\/blogs\/news\/12th-gen-intel®-core™-processors-have-arrived\" title=\"12th Gen Intel® Core™ Processors have arrived!\">Read more<\/a><\/p>","paragraph_color":"#4a4a4a","paragraph_size":"h6","width":"50%","alignment":"center","align_text":"right"}},"2ffc3d0e-f189-40f1-92dd-5f8ab8559830":{"type":"text","settings":{"heading_text":"AMD Radeon RX 6600 XT Graphics Card Sets New Standard for High-Framerate, High-Fidelity 1080p PC Gaming","heading_color":"#3a3a3a","heading_size":"h2","paragraph_text":"<p>SANTA CLARA, Calif. 07\/29\/2021 <a href=\"http:\/\/www.amd.com\/\">AMD<\/a> (NASDAQ: AMD) today announced the AMD Radeon™ RX 6600 XT graphics card, designed to deliver the ultimate high-framerate, high-fidelity and highly responsive 1080p gaming experience. <br\/><br\/><a href=\"\/blogs\/news\/amd-radeon-rx-6600-xt-graphics-card-sets-new-standard-for-high-framerate-high-fidelity-1080p-pc-gaming\" title=\"AMD Radeon RX 6600 XT Graphics Card Sets New Standard for High-Framerate, High-Fidelity 1080p PC Gaming\">Read More<\/a><\/p>","paragraph_color":"#4a4a4a","paragraph_size":"h6","width":"50%","alignment":"center","align_text":"left"}},"b964f358-63b6-4603-90eb-112a796d9848":{"type":"image","settings":{"image":"shopify:\/\/shop_images\/AMD_Radeon_RX_6600_XT.jpg","width":"50%","alignment":"center"}},"d308d414-0af9-4144-86bf-20747260decd":{"type":"image","settings":{"image":"shopify:\/\/shop_images\/Klevv_Cras_C920.jpg","width":"50%","alignment":"center"}},"875ee47b-d95b-4268-a5bf-4f95dd5c821d":{"type":"text","settings":{"heading_text":"KLEVV launches the CRAS C920 and C720 PCIe M.2 SSDs","heading_color":"#3a3a3a","heading_size":"h2","paragraph_text":"<p>Hong Kong, June 16th, 2021<em>–<\/em>KLEVV, an emerging memory brand introduced by Essencore, today launched two new M.2 NVMe PCIe Solid State Drives (SSDs) – the CRAS C920, KLEVV’s first PCIe Gen4x4 SSD, and the CRAS C720 SSD, a PCIe Gen3x4 SSD which is an upgraded version of last year’s C710.<br\/><br\/><a href=\"\/blogs\/news\/klevv-launches-the-cras-c920-and-c720-pcie-m-2-ssds\" title=\"KLEVV launches the CRAS C920 and C720 PCIe M.2 SSDs\">Read More<\/a><\/p>","paragraph_color":"#4a4a4a","paragraph_size":"h6","width":"50%","alignment":"center","align_text":"right"}}},"block_order":["1626613349ce5cf521-0","1626613349ce5cf521-1","f592eaf5-8ab2-45f4-acd9-a7ccdd4444f7","491ef855-5af0-4259-849e-7e67d00addaa","2ffc3d0e-f189-40f1-92dd-5f8ab8559830","b964f358-63b6-4603-90eb-112a796d9848","d308d414-0af9-4144-86bf-20747260decd","875ee47b-d95b-4268-a5bf-4f95dd5c821d"],"settings":{"title":"News","hide_mobile":false,"layout":"boxed","background_color":"","top_margin":true,"bottom_margin":true,"check_min_height":false,"text_min_height":400,"heading":"News","heading_color":"#3a3a3a"}}},"content_for_index":["16265939475e53bf3c","1603353889745","16265942746b62b6a7","1626613247ccbb874a","16266063733801f8d0","1626613349ce5cf521","1626594486e370b15e"]},"presets":{"Default":{"main_color":"#fed700","main_text_color":"#333e48","bg_color_number_icon":"#fed700","color_number_icon":"#333e48","saleoff_bg_color":"#fed700","saleoff_color":"#343f49","btn1_bg":"#fed700","btn1_border":"#fed700","btn1_txt":"#333e48","btn2_bg_hover":"#fed700","btn2_border_hover":"#fed700","btn2_txt_hover":"#333e48","nav_bg_nav_link_hover":"#e7c300","border-main-nav":"#e7c300"},"Blue":{"main_color":"#0787ea","main_text_color":"#ffffff","bg_color_number_icon":"#0787ea","color_number_icon":"#ffffff","saleoff_bg_color":"#0787ea","saleoff_color":"#ffffff","btn1_bg":"#0787ea","btn1_border":"#0787ea","btn1_txt":"#ffffff","btn2_bg_hover":"#0787ea","btn2_border_hover":"#0787ea","btn2_txt_hover":"#ffffff","nav_bg_nav_link_hover":"#067ad4","border-main-nav":"#067ad4"},"Red":{"main_color":"#f30b0b","main_text_color":"#ffffff","bg_color_number_icon":"#f30b0b","color_number_icon":"#ffffff","saleoff_bg_color":"#f30b0b","saleoff_color":"#ffffff","btn1_bg":"#f30b0b","btn1_border":"#f30b0b","btn1_txt":"#ffffff","btn2_bg_hover":"#f30b0b","btn2_border_hover":"#f30b0b","btn2_txt_hover":"#ffffff","nav_bg_nav_link_hover":"#da141e","border-main-nav":"#da141e"},"Orange":{"main_color":"#f89a20","main_text_color":"#ffffff","bg_color_number_icon":"#f89a20","color_number_icon":"#ffffff","saleoff_bg_color":"#f89a20","saleoff_color":"#ffffff","btn1_bg":"#f89a20","btn1_border":"#f89a20","btn1_txt":"#ffffff","btn2_bg_hover":"#f89a20","btn2_border_hover":"#f89a20","btn2_txt_hover":"#ffffff","nav_bg_nav_link_hover":"#f7900a","border-main-nav":"#f7900a"},"Gold":{"main_color":"#dab26d","main_text_color":"#ffffff","bg_color_number_icon":"#dab26d","color_number_icon":"#ffffff","saleoff_bg_color":"#dab26d","saleoff_color":"#ffffff","btn1_bg":"#dab26d","btn1_border":"#dab26d","btn1_txt":"#ffffff","btn2_bg_hover":"#dab26d","btn2_border_hover":"#dab26d","btn2_txt_hover":"#ffffff","nav_bg_nav_link_hover":"#d5a85b","border-main-nav":"#d5a85b"},"Green":{"main_color":"#a3d133","main_text_color":"#ffffff","bg_color_number_icon":"#a3d133","color_number_icon":"#ffffff","saleoff_bg_color":"#a3d133","saleoff_color":"#ffffff","btn1_bg":"#a3d133","btn1_border":"#a3d133","btn1_txt":"#ffffff","btn2_bg_hover":"#a3d133","btn2_border_hover":"#a3d133","btn2_txt_hover":"#ffffff","nav_bg_nav_link_hover":"#96c12c","border-main-nav":"#96c12c"},"Flat Blue":{"main_color":"#00abc5","main_text_color":"#ffffff","bg_color_number_icon":"#00abc5","color_number_icon":"#ffffff","saleoff_bg_color":"#00abc5","saleoff_color":"#ffffff","btn1_bg":"#00abc5","btn1_border":"#00abc5","btn1_txt":"#ffffff","btn2_bg_hover":"#00abc5","btn2_border_hover":"#00abc5","btn2_txt_hover":"#ffffff","nav_bg_nav_link_hover":"#0097ae","border-main-nav":"#0097ae"},"Pink":{"main_color":"#ce1d76","main_text_color":"#ffffff","bg_color_number_icon":"#ce1d76","color_number_icon":"#ffffff","saleoff_bg_color":"#ce1d76","saleoff_color":"#ffffff","btn1_bg":"#ce1d76","btn1_border":"#ce1d76","btn1_txt":"#ffffff","btn2_bg_hover":"#ce1d76","btn2_border_hover":"#ce1d76","btn2_txt_hover":"#ffffff","nav_bg_nav_link_hover":"#ba1a6a","border-main-nav":"#ba1a6a"},"Black":{"main_color":"#000000","main_text_color":"#ffffff","bg_color_number_icon":"#000000","color_number_icon":"#ffffff","saleoff_bg_color":"#000000","saleoff_color":"#ffffff","btn1_bg":"#000000","btn1_border":"#000000","btn1_txt":"#ffffff","btn2_bg_hover":"#000000","btn2_border_hover":"#000000","btn2_txt_hover":"#ffffff","nav_bg_nav_link_hover":"#000","border-main-nav":"#000"}}}